species,genus
Aaptosyax grypus,Aaptosyax
Abbottina binhi,Abbottina
Abbottina lalinensis,Abbottina
Abbottina liaoningensis,Abbottina
Abbottina obtusirostris,Abbottina
Abbottina rivularis,Abbottina
Abramis brama,Abramis
Acanthobrama centisquama,Acanthobrama
Acanthobrama hadiyahensis,Acanthobrama
Acanthobrama lissneri,Acanthobrama
Acanthobrama marmid,Acanthobrama
Acanthobrama microlepis,Acanthobrama
Acanthobrama orontis,Acanthobrama
Acanthobrama persidis,Acanthobrama
Acanthobrama telavivensis,Acanthobrama
Acanthobrama thisbeae,Acanthobrama
Acanthobrama tricolor,Acanthobrama
Acanthobrama urmianus,Acanthobrama
Acanthogobio guentheri,Acanthogobio
Acanthorhodeus chankaensis,Acanthorhodeus
Acapoeta tanganicae,Acapoeta
Acheilognathus asmussii,Acheilognathus
Acheilognathus barbatulus,Acheilognathus
Acheilognathus barbatus,Acheilognathus
Acheilognathus binidentatus,Acheilognathus
Acheilognathus brevicaudatus,Acheilognathus
Acheilognathus changtingensis,Acheilognathus
Acheilognathus coreanus,Acheilognathus
Acheilognathus cyanostigma,Acheilognathus
Acheilognathus deignani,Acheilognathus
Acheilognathus elongatoides,Acheilognathus
Acheilognathus elongatus,Acheilognathus
Acheilognathus fasciodorsalis,Acheilognathus
Acheilognathus gracilis,Acheilognathus
Acheilognathus hondae,Acheilognathus
Acheilognathus hypselonotus,Acheilognathus
Acheilognathus imberbis,Acheilognathus
Acheilognathus imfasciodorsalis,Acheilognathus
Acheilognathus intermedia,Acheilognathus
Acheilognathus kyphus,Acheilognathus
Acheilognathus longibarbatus,Acheilognathus
Acheilognathus longipinnis,Acheilognathus
Acheilognathus macromandibularis,Acheilognathus
Acheilognathus macropterus,Acheilognathus
Acheilognathus majusculus,Acheilognathus
Acheilognathus melanogaster,Acheilognathus
Acheilognathus meridianus,Acheilognathus
Acheilognathus microphysa,Acheilognathus
Acheilognathus nguyenvanhaoi,Acheilognathus
Acheilognathus omeiensis,Acheilognathus
Acheilognathus peihoensis,Acheilognathus
Acheilognathus polylepis,Acheilognathus
Acheilognathus polyspinus,Acheilognathus
Acheilognathus rhombeus,Acheilognathus
Acheilognathus striatus,Acheilognathus
Acheilognathus tabira,Acheilognathus
Acheilognathus taenianalis,Acheilognathus
Acheilognathus tonkinensis,Acheilognathus
Acheilognathus typus,Acheilognathus
Acheilognathus yamatsutae,Acheilognathus
Achondrostoma arcasii,Achondrostoma
Achondrostoma occidentale,Achondrostoma
Achondrostoma oligolepis,Achondrostoma
Achondrostoma salmantinum,Achondrostoma
Acrocheilus alutaceus,Acrocheilus
Acrossocheilus aluoiensis,Acrossocheilus
Acrossocheilus baolacensis,Acrossocheilus
Acrossocheilus beijiangensis,Acrossocheilus
Acrossocheilus clivosius,Acrossocheilus
Acrossocheilus fasciatus,Acrossocheilus
Acrossocheilus hemispinus,Acrossocheilus
Acrossocheilus ikedai,Acrossocheilus
Acrossocheilus iridescens,Acrossocheilus
Acrossocheilus jishouensis,Acrossocheilus
Acrossocheilus kreyenbergii,Acrossocheilus
Acrossocheilus lamus,Acrossocheilus
Acrossocheilus longipinnis,Acrossocheilus
Acrossocheilus macrophthalmus,Acrossocheilus
Acrossocheilus malacopterus,Acrossocheilus
Acrossocheilus microstoma,Acrossocheilus
Acrossocheilus monticola,Acrossocheilus
Acrossocheilus multistriatus,Acrossocheilus
Acrossocheilus paradoxus,Acrossocheilus
Acrossocheilus parallens,Acrossocheilus
Acrossocheilus rendahli,Acrossocheilus
Acrossocheilus spinifer,Acrossocheilus
Acrossocheilus wenchowensis,Acrossocheilus
Acrossocheilus wuyiensis,Acrossocheilus
Acrossocheilus xamensis,Acrossocheilus
Acrossocheilus yalyensis,Acrossocheilus
Acrossocheilus yunnanensis,Acrossocheilus
Agosia chrysogaster,Agosia
Akrokolioplax bicornis,Akrokolioplax
Albulichthys albuloides,Albulichthys
Alburnoides bipunctatus,Alburnoides
Alburnoides coadi,Alburnoides
Alburnoides devolli,Alburnoides
Alburnoides economoui,Alburnoides
Alburnoides eichwaldii,Alburnoides
Alburnoides emineae,Alburnoides
Alburnoides fangfangae,Alburnoides
Alburnoides fasciatus,Alburnoides
Alburnoides freyhofi,Alburnoides
Alburnoides gmelini,Alburnoides
Alburnoides holciki,Alburnoides
Alburnoides idignensis,Alburnoides
Alburnoides kosswigi,Alburnoides
Alburnoides kubanicus,Alburnoides
Alburnoides kurui,Alburnoides
Alburnoides maculatus,Alburnoides
Alburnoides manyasensis,Alburnoides
Alburnoides namaki,Alburnoides
Alburnoides nicolausi,Alburnoides
Alburnoides oblongus,Alburnoides
Alburnoides ohridanus,Alburnoides
Alburnoides parhami,Alburnoides
Alburnoides petrubanarescui,Alburnoides
Alburnoides prespensis,Alburnoides
Alburnoides qanati,Alburnoides
Alburnoides recepi,Alburnoides
Alburnoides rossicus,Alburnoides
Alburnoides samiii,Alburnoides
Alburnoides strymonicus,Alburnoides
Alburnoides tabarestanensis,Alburnoides
Alburnoides taeniatus,Alburnoides
Alburnoides thessalicus,Alburnoides
Alburnoides varentsovi,Alburnoides
Alburnoides velioglui,Alburnoides
Alburnus adanensis,Alburnus
Alburnus akili,Alburnus
Alburnus albidus,Alburnus
Alburnus alburnus,Alburnus
Alburnus amirkabiri,Alburnus
Alburnus arborella,Alburnus
Alburnus atropatenae,Alburnus
Alburnus attalus,Alburnus
Alburnus baliki,Alburnus
Alburnus battalgilae,Alburnus
Alburnus belvica,Alburnus
Alburnus caeruleus,Alburnus
Alburnus carinatus,Alburnus
Alburnus chalcoides,Alburnus
Alburnus danubicus,Alburnus
Alburnus demiri,Alburnus
Alburnus derjugini,Alburnus
Alburnus doriae,Alburnus
Alburnus escherichii,Alburnus
Alburnus filippii,Alburnus
Alburnus heckeli,Alburnus
Alburnus hohenackeri,Alburnus
Alburnus istanbulensis,Alburnus
Alburnus kotschyi,Alburnus
Alburnus leobergi,Alburnus
Alburnus macedonicus,Alburnus
Alburnus mandrensis,Alburnus
Alburnus mento,Alburnus
Alburnus mentoides,Alburnus
Alburnus mossulensis,Alburnus
Alburnus nasreddini,Alburnus
Alburnus neretvae,Alburnus
Alburnus nicaeensis,Alburnus
Alburnus orontis,Alburnus
Alburnus qalilus,Alburnus
Alburnus sarmaticus,Alburnus
Alburnus sava,Alburnus
Alburnus schischkovi,Alburnus
Alburnus scoranza,Alburnus
Alburnus selcuklui,Alburnus
Alburnus sellal,Alburnus
Alburnus tarichi,Alburnus
Alburnus thessalicus,Alburnus
Alburnus timarensis,Alburnus
Alburnus vistonicus,Alburnus
Alburnus volviticus,Alburnus
Alburnus zagrosensis,Alburnus
Algansea amecae,Algansea
Algansea aphanea,Algansea
Algansea avia,Algansea
Algansea barbata,Algansea
Algansea lacustris,Algansea
Algansea monticola,Algansea
Algansea popoche,Algansea
Algansea tincella,Algansea
Amblypharyngodon atkinsonii,Amblypharyngodon
Amblypharyngodon chulabhornae,Amblypharyngodon
Amblypharyngodon melettinus,Amblypharyngodon
Amblypharyngodon microlepis,Amblypharyngodon
Amblypharyngodon mola,Amblypharyngodon
Amblyrhynchichthys micracanthus,Amblyrhynchichthys
Amblyrhynchichthys truncatus,Amblyrhynchichthys
Anabarilius alburnops,Anabarilius
Anabarilius andersoni,Anabarilius
Anabarilius brevianalis,Anabarilius
Anabarilius duoyiheensis,Anabarilius
Anabarilius goldenlineus,Anabarilius
Anabarilius grahami,Anabarilius
Anabarilius liui,Anabarilius
Anabarilius longicaudatus,Anabarilius
Anabarilius macrolepis,Anabarilius
Anabarilius maculatus,Anabarilius
Anabarilius paucirastellus,Anabarilius
Anabarilius polylepis,Anabarilius
Anabarilius qiluensis,Anabarilius
Anabarilius qionghaiensis,Anabarilius
Anabarilius songmingensis,Anabarilius
Anabarilius transmontanus,Anabarilius
Anabarilius xundianensis,Anabarilius
Anabarilius yangzonensis,Anabarilius
Anaecypris hispanica,Anaecypris
Ancherythroculter daovantieni,Ancherythroculter
Ancherythroculter kurematsui,Ancherythroculter
Ancherythroculter lini,Ancherythroculter
Ancherythroculter nigrocauda,Ancherythroculter
Ancherythroculter wangi,Ancherythroculter
Anchicyclocheilus halfibindus,Anchicyclocheilus
Anematichthys repasson,Anematichthys
Aphyocypris amnis,Aphyocypris
Aphyocypris arcus,Aphyocypris
Aphyocypris chinensis,Aphyocypris
Aphyocypris dorsohorizontalis,Aphyocypris
Aphyocypris kikuchii,Aphyocypris
Aphyocypris kyphus,Aphyocypris
Aphyocypris lini,Aphyocypris
Aphyocypris moltrechti,Aphyocypris
Aphyocypris normalis,Aphyocypris
Aphyocypris pulchrilineata,Aphyocypris
Arabibarbus arabicus,Arabibarbus
Arabibarbus grypus,Arabibarbus
Arabibarbus hadhrami,Arabibarbus
Araiocypris batodes,Araiocypris
Aspidoparia jaya,Aspidoparia
Aspidoparia ukhrulensis,Aspidoparia
Aspiolucius esocinus,Aspiolucius
Aspiorhynchus laticeps,Aspiorhynchus
Atrilinea macrolepis,Atrilinea
Atrilinea macrops,Atrilinea
Atrilinea roulei,Atrilinea
Aulopyge huegelii,Aulopyge
Aztecula sallaei,Aztecula
Balantiocheilos ambusticauda,Balantiocheilos
Balantiocheilos melanopterus,Balantiocheilos
Ballerus ballerus,Ballerus
Ballerus sapa,Ballerus
Bangana almorae,Bangana
Bangana ariza,Bangana
Bangana behri,Bangana
Bangana brevirostris,Bangana
Bangana decora,Bangana
Bangana dero,Bangana
Bangana devdevi,Bangana
Bangana diplostoma,Bangana
Bangana discognathoides,Bangana
Bangana elegans,Bangana
Bangana gedrosicus,Bangana
Bangana lemassoni,Bangana
Bangana lippus,Bangana
Bangana rendahli,Bangana
Bangana sinkleri,Bangana
Bangana tonkinensis,Bangana
Bangana tungting,Bangana
Bangana wui,Bangana
Bangana xanthogenys,Bangana
Bangana yunnanensis,Bangana
Bangana zhui,Bangana
Barbichthys laevis,Barbichthys
Barbodes amarus,Barbodes
Barbodes aurotaeniatus,Barbodes
Barbodes banksi,Barbodes
Barbodes bantolanensis,Barbodes
Barbodes baoulan,Barbodes
Barbodes belinka,Barbodes
Barbodes binotatus,Barbodes
Barbodes bunau,Barbodes
Barbodes carnaticus,Barbodes
Barbodes cataractae,Barbodes
Barbodes clemensi,Barbodes
Barbodes colemani,Barbodes
Barbodes disa,Barbodes
Barbodes dorsimaculatus,Barbodes
Barbodes dunckeri,Barbodes
Barbodes everetti,Barbodes
Barbodes flavifuscus,Barbodes
Barbodes hemictenus,Barbodes
Barbodes herrei,Barbodes
Barbodes ivis,Barbodes
Barbodes joaquinae,Barbodes
Barbodes katolo,Barbodes
Barbodes kuchingensis,Barbodes
Barbodes lanaoensis,Barbodes
Barbodes lateristriga,Barbodes
Barbodes lindog,Barbodes
Barbodes mahakkamensis,Barbodes
Barbodes manalak,Barbodes
Barbodes manguaoensis,Barbodes
Barbodes microps,Barbodes
Barbodes montanoi,Barbodes
Barbodes pachycheilus,Barbodes
Barbodes palaemophagus,Barbodes
Barbodes palata,Barbodes
Barbodes palavanensis,Barbodes
Barbodes platysoma,Barbodes
Barbodes polylepis,Barbodes
Barbodes quinquemaculatus,Barbodes
Barbodes resinus,Barbodes
Barbodes rhombeus,Barbodes
Barbodes semifasciolatus,Barbodes
Barbodes sirang,Barbodes
Barbodes snyderi,Barbodes
Barbodes strigatus,Barbodes
Barbodes sunieri,Barbodes
Barbodes tras,Barbodes
Barbodes truncatulus,Barbodes
Barbodes tumba,Barbodes
Barbodes umalii,Barbodes
Barbodes wynaadensis,Barbodes
Barbodes xouthos,Barbodes
Barboides britzi,Barboides
Barboides gracilis,Barboides
Barbonymus altus,Barbonymus
Barbonymus balleroides,Barbonymus
Barbonymus collingwoodii,Barbonymus
Barbonymus gonionotus,Barbonymus
Barbonymus schwanenfeldii,Barbonymus
Barbopsis devecchii,Barbopsis
Barbus balcanicus,Barbus
Barbus barbus,Barbus
Barbus bergi,Barbus
Barbus biharicus,Barbus
Barbus borysthenicus,Barbus
Barbus caninus,Barbus
Barbus carottae,Barbus
Barbus carpathicus,Barbus
Barbus ciscaucasicus,Barbus
Barbus cyclolepis,Barbus
Barbus cyri,Barbus
Barbus euboicus,Barbus
Barbus haasi,Barbus
Barbus karunensis,Barbus
Barbus kubanicus,Barbus
Barbus lacerta,Barbus
Barbus lorteti,Barbus
Barbus macedonicus,Barbus
Barbus meridionalis,Barbus
Barbus miliaris,Barbus
Barbus niluferensis,Barbus
Barbus oligolepis,Barbus
Barbus peloponnesius,Barbus
Barbus pergamonensis,Barbus
Barbus petenyi,Barbus
Barbus plebejus,Barbus
Barbus prespensis,Barbus
Barbus rebeli,Barbus
Barbus sperchiensis,Barbus
Barbus strumicae,Barbus
Barbus tauricus,Barbus
Barbus thessalus,Barbus
Barbus tyberinus,Barbus
Barbus waleckii,Barbus
Barilius ardens,Barilius
Barilius bakeri,Barilius
Barilius barila,Barilius
Barilius bendelisis,Barilius
Barilius bonarensis,Barilius
Barilius borneensis,Barilius
Barilius canarensis,Barilius
Barilius caudiocellatus,Barilius
Barilius chatricensis,Barilius
Barilius dimorphicus,Barilius
Barilius dogarsinghi,Barilius
Barilius evezardi,Barilius
Barilius gatensis,Barilius
Barilius huahinensis,Barilius
Barilius infrafasciatus,Barilius
Barilius lairokensis,Barilius
Barilius malabaricus,Barilius
Barilius mesopotamicus,Barilius
Barilius modestus,Barilius
Barilius naseeri,Barilius
Barilius nelsoni,Barilius
Barilius ngawa,Barilius
Barilius ornatus,Barilius
Barilius pakistanicus,Barilius
Barilius pectoralis,Barilius
Barilius ponticulus,Barilius
Barilius profundus,Barilius
Barilius radiolatus,Barilius
Barilius shacra,Barilius
Barilius signicaudus,Barilius
Barilius vagra,Barilius
Belligobio nummifer,Belligobio
Belligobio pengxianensis,Belligobio
Betadevario ramachandrani,Betadevario
Biwia springeri,Biwia
Biwia tama,Biwia
Biwia yodoensis,Biwia
Biwia zezera,Biwia
Blicca bjoerkna,Blicca
Boraras brigittae,Boraras
Boraras maculatus,Boraras
Boraras merah,Boraras
Boraras micros,Boraras
Boraras naevus,Boraras
Boraras urophthalmoides,Boraras
Brevibora cheeya,Brevibora
Brevibora dorsiocellata,Brevibora
Brevibora exilis,Brevibora
Cabdio morar,Cabdio
Caecobarbus geertsii,Caecobarbus
Caecocypris basimi,Caecocypris
Campostoma anomalum,Campostoma
Campostoma oligolepis,Campostoma
Campostoma ornatum,Campostoma
Campostoma pauciradii,Campostoma
Campostoma pullum,Campostoma
Campostoma spadiceum,Campostoma
Candidia barbata,Candidia
Candidia pingtungensis,Candidia
Capoeta aculeata,Capoeta
Capoeta angorae,Capoeta
Capoeta antalyensis,Capoeta
Capoeta aydinensis,Capoeta
Capoeta baliki,Capoeta
Capoeta banarescui,Capoeta
Capoeta barroisi,Capoeta
Capoeta bergamae,Capoeta
Capoeta buhsei,Capoeta
Capoeta caelestis,Capoeta
Capoeta capoeta,Capoeta
Capoeta capoetoides,Capoeta
Capoeta coadi,Capoeta
Capoeta damascina,Capoeta
Capoeta ekmekciae,Capoeta
Capoeta erhani,Capoeta
Capoeta ferdowsii,Capoeta
Capoeta fusca,Capoeta
Capoeta gracilis,Capoeta
Capoeta kosswigi,Capoeta
Capoeta mandica,Capoeta
Capoeta mauricii,Capoeta
Capoeta pestai,Capoeta
Capoeta pyragyi,Capoeta
Capoeta razii,Capoeta
Capoeta saadii,Capoeta
Capoeta sevangi,Capoeta
Capoeta shajariani,Capoeta
Capoeta sieboldii,Capoeta
Capoeta tinca,Capoeta
Capoeta trutta,Capoeta
Capoeta turani,Capoeta
Capoeta umbla,Capoeta
Capoetobrama kuschakewitschi,Capoetobrama
Carasobarbus apoensis,Carasobarbus
Carasobarbus canis,Carasobarbus
Carasobarbus chantrei,Carasobarbus
Carasobarbus exulatus,Carasobarbus
Carasobarbus fritschii,Carasobarbus
Carasobarbus harterti,Carasobarbus
Carasobarbus kosswigi,Carasobarbus
Carasobarbus luteus,Carasobarbus
Carasobarbus moulouyensis,Carasobarbus
Carasobarbus sublimus,Carasobarbus
Carassioides acuminatus,Carassioides
Carassioides argentea,Carassioides
Carassioides macropterus,Carassioides
Carassioides phongnhaensis,Carassioides
Carassius auratus,Carassius
Carassius carassius,Carassius
Carassius cuvieri,Carassius
Carassius gibelio,Carassius
Carassius langsdorfii,Carassius
Carassius praecipuus,Carassius
Catlocarpio siamensis,Catlocarpio
Chagunius baileyi,Chagunius
Chagunius chagunio,Chagunius
Chagunius nicholsi,Chagunius
Chanodichthys abramoides,Chanodichthys
Chanodichthys dabryi,Chanodichthys
Chanodichthys erythropterus,Chanodichthys
Chanodichthys mongolicus,Chanodichthys
Chanodichthys oxycephalus,Chanodichthys
Chela cachius,Chela
Chela khujairokensis,Chela
Chela macrolepis,Chela
Chelaethiops bibie,Chelaethiops
Chelaethiops congicus,Chelaethiops
Chelaethiops elongatus,Chelaethiops
Chelaethiops minutus,Chelaethiops
Chelaethiops rukwaensis,Chelaethiops
Chondrostoma angorense,Chondrostoma
Chondrostoma beysehirense,Chondrostoma
Chondrostoma ceyhanensis,Chondrostoma
Chondrostoma colchicum,Chondrostoma
Chondrostoma cyri,Chondrostoma
Chondrostoma esmaeilii,Chondrostoma
Chondrostoma fahirae,Chondrostoma
Chondrostoma holmwoodii,Chondrostoma
Chondrostoma kinzelbachi,Chondrostoma
Chondrostoma knerii,Chondrostoma
Chondrostoma kubanicum,Chondrostoma
Chondrostoma meandrense,Chondrostoma
Chondrostoma nasus,Chondrostoma
Chondrostoma orientale,Chondrostoma
Chondrostoma oxyrhynchum,Chondrostoma
Chondrostoma phoxinus,Chondrostoma
Chondrostoma prespense,Chondrostoma
Chondrostoma regium,Chondrostoma
Chondrostoma scodrense,Chondrostoma
Chondrostoma soetta,Chondrostoma
Chondrostoma toros,Chondrostoma
Chondrostoma vardarense,Chondrostoma
Chondrostoma variabile,Chondrostoma
Chrosomus cumberlandensis,Chrosomus
Chrosomus eos,Chrosomus
Chrosomus erythrogaster,Chrosomus
Chrosomus neogaeus,Chrosomus
Chrosomus oreas,Chrosomus
Chrosomus saylori,Chrosomus
Chrosomus tennesseensis,Chrosomus
Chuanchia labiosa,Chuanchia
Cirrhinus caudimaculatus,Cirrhinus
Cirrhinus cirrhosus,Cirrhinus
Cirrhinus fulungee,Cirrhinus
Cirrhinus inornatus,Cirrhinus
Cirrhinus jullieni,Cirrhinus
Cirrhinus macrops,Cirrhinus
Cirrhinus microlepis,Cirrhinus
Cirrhinus molitorella,Cirrhinus
Cirrhinus mrigala,Cirrhinus
Cirrhinus reba,Cirrhinus
Cirrhinus rubirostris,Cirrhinus
Clinostomus elongatus,Clinostomus
Clinostomus funduloides,Clinostomus
Clypeobarbus bellcrossi,Clypeobarbus
Clypeobarbus bomokandi,Clypeobarbus
Clypeobarbus breviclipeus,Clypeobarbus
Clypeobarbus congicus,Clypeobarbus
Clypeobarbus hypsolepis,Clypeobarbus
Clypeobarbus matthesi,Clypeobarbus
Clypeobarbus pleuropholis,Clypeobarbus
Clypeobarbus pseudognathodon,Clypeobarbus
Clypeobarbus schoutedeni,Clypeobarbus
Codoma ornata,Codoma
Cophecheilus bamen,Cophecheilus
Coptostomabarbus bellcrossi,Coptostomabarbus
Coptostomabarbus wittei,Coptostomabarbus
Coreius cetopsis,Coreius
Coreius guichenoti,Coreius
Coreius heterodon,Coreius
Coreius septentrionalis,Coreius
Coreoleuciscus aeruginos,Coreoleuciscus
Coreoleuciscus splendidus,Coreoleuciscus
Cosmochilus cardinalis,Cosmochilus
Cosmochilus falcifer,Cosmochilus
Cosmochilus harmandi,Cosmochilus
Cosmochilus nanlaensis,Cosmochilus
Couesius plumbeus,Couesius
Crossocheilus atrilimes,Crossocheilus
Crossocheilus burmanicus,Crossocheilus
Crossocheilus caudomaculatus,Crossocheilus
Crossocheilus cobitis,Crossocheilus
Crossocheilus diplochilus,Crossocheilus
Crossocheilus elegans,Crossocheilus
Crossocheilus gnathopogon,Crossocheilus
Crossocheilus klatti,Crossocheilus
Crossocheilus langei,Crossocheilus
Crossocheilus latius,Crossocheilus
Crossocheilus microstoma,Crossocheilus
Crossocheilus nigriloba,Crossocheilus
Crossocheilus oblongus,Crossocheilus
Crossocheilus obscurus,Crossocheilus
Crossocheilus periyarensis,Crossocheilus
Crossocheilus pseudobagroides,Crossocheilus
Crossocheilus reticulatus,Crossocheilus
Ctenopharyngodon idella,Ctenopharyngodon
Culter alburnus,Culter
Culter flavipinnis,Culter
Culter oxycephaloides,Culter
Culter recurviceps,Culter
Cultrichthys compressocorpus,Cultrichthys
Cyclocheilichthys apogon,Cyclocheilichthys
Cyclocheilichthys armatus,Cyclocheilichthys
Cyclocheilichthys enoplos,Cyclocheilichthys
Cyclocheilichthys furcatus,Cyclocheilichthys
Cyclocheilichthys heteronema,Cyclocheilichthys
Cyclocheilichthys janthochir,Cyclocheilichthys
Cyclocheilichthys lagleri,Cyclocheilichthys
Cyclocheilichthys schoppeae,Cyclocheilichthys
Cyclocheilichthys sinensis,Cyclocheilichthys
Cyprinella alvarezdelvillari,Cyprinella
Cyprinella analostana,Cyprinella
Cyprinella bocagrande,Cyprinella
Cyprinella caerulea,Cyprinella
Cyprinella callisema,Cyprinella
Cyprinella callistia,Cyprinella
Cyprinella callitaenia,Cyprinella
Cyprinella camura,Cyprinella
Cyprinella chloristia,Cyprinella
Cyprinella eurystoma,Cyprinella
Cyprinella formosa,Cyprinella
Cyprinella galactura,Cyprinella
Cyprinella garmani,Cyprinella
Cyprinella gibbsi,Cyprinella
Cyprinella labrosa,Cyprinella
Cyprinella leedsi,Cyprinella
Cyprinella lepida,Cyprinella
Cyprinella lutrensis,Cyprinella
Cyprinella monacha,Cyprinella
Cyprinella nivea,Cyprinella
Cyprinella panarcys,Cyprinella
Cyprinella proserpina,Cyprinella
Cyprinella pyrrhomelas,Cyprinella
Cyprinella rutila,Cyprinella
Cyprinella spiloptera,Cyprinella
Cyprinella stigmatura,Cyprinella
Cyprinella trichroistia,Cyprinella
Cyprinella venusta,Cyprinella
Cyprinella whipplei,Cyprinella
Cyprinella xaenura,Cyprinella
Cyprinella xanthicara,Cyprinella
Cyprinella zanema,Cyprinella
Cyprinion acinaces,Cyprinion
Cyprinion kais,Cyprinion
Cyprinion macrostomum,Cyprinion
Cyprinion mhalensis,Cyprinion
Cyprinion microphthalmum,Cyprinion
Cyprinion milesi,Cyprinion
Cyprinion semiplotum,Cyprinion
Cyprinion tenuiradius,Cyprinion
Cyprinion watsoni,Cyprinion
Cyprinus acutidorsalis,Cyprinus
Cyprinus barbatus,Cyprinus
Cyprinus carpio,Cyprinus
Cyprinus chilia,Cyprinus
Cyprinus dai,Cyprinus
Cyprinus daliensis,Cyprinus
Cyprinus exophthalmus,Cyprinus
Cyprinus fuxianensis,Cyprinus
Cyprinus hieni,Cyprinus
Cyprinus hyperdorsalis,Cyprinus
Cyprinus ilishaestomus,Cyprinus
Cyprinus intha,Cyprinus
Cyprinus longipectoralis,Cyprinus
Cyprinus longzhouensis,Cyprinus
Cyprinus megalophthalmus,Cyprinus
Cyprinus melanes,Cyprinus
Cyprinus micristius,Cyprinus
Cyprinus multitaeniatus,Cyprinus
Cyprinus pellegrini,Cyprinus
Cyprinus qionghaiensis,Cyprinus
Cyprinus quidatensis,Cyprinus
Cyprinus rubrofuscus,Cyprinus
Cyprinus yilongensis,Cyprinus
Cyprinus yunnanensis,Cyprinus
Danio absconditus,Danio
Danio aesculapii,Danio
Danio albolineatus,Danio
Danio annulosus,Danio
Danio assamila,Danio
Danio catenatus,Danio
Danio choprae,Danio
Danio concatenatus,Danio
Danio dangila,Danio
Danio erythromicron,Danio
Danio feegradei,Danio
Danio flagrans,Danio
Danio jaintianensis,Danio
Danio kerri,Danio
Danio kyathit,Danio
Danio margaritatus,Danio
Danio meghalayensis,Danio
Danio muongthanhensis,Danio
Danio nigrofasciatus,Danio
Danio quagga,Danio
Danio quangbinhensis,Danio
Danio rerio,Danio
Danio roseus,Danio
Danio sysphigmatus,Danio
Danio tinwini,Danio
Danio trangi,Danio
Danionella dracula,Danionella
Danionella mirifica,Danionella
Danionella priapus,Danionella
Danionella translucida,Danionella
Dawkinsia arulius,Dawkinsia
Dawkinsia assimilis,Dawkinsia
Dawkinsia exclamatio,Dawkinsia
Dawkinsia filamentosa,Dawkinsia
Dawkinsia rohani,Dawkinsia
Dawkinsia rubrotinctus,Dawkinsia
Dawkinsia singhala,Dawkinsia
Dawkinsia srilankensis,Dawkinsia
Dawkinsia tambraparniei,Dawkinsia
Delminichthys adspersus,Delminichthys
Delminichthys ghetaldii,Delminichthys
Delminichthys jadovensis,Delminichthys
Delminichthys krbavensis,Delminichthys
Desmopuntius foerschi,Desmopuntius
Desmopuntius gemellus,Desmopuntius
Desmopuntius hexazona,Desmopuntius
Desmopuntius johorensis,Desmopuntius
Desmopuntius pentazona,Desmopuntius
Desmopuntius rhomboocellatus,Desmopuntius
Desmopuntius trifasciatus,Desmopuntius
Devario acrostomus,Devario
Devario acuticephala,Devario
Devario aequipinnatus,Devario
Devario affinis,Devario
Devario annandalei,Devario
Devario anomalus,Devario
Devario apogon,Devario
Devario apopyris,Devario
Devario assamensis,Devario
Devario auropurpureus,Devario
Devario browni,Devario
Devario chrysotaeniatus,Devario
Devario coxi,Devario
Devario deruptotalea,Devario
Devario devario,Devario
Devario fangfangae,Devario
Devario fraseri,Devario
Devario gibber,Devario
Devario horai,Devario
Devario interruptus,Devario
Devario kakhienensis,Devario
Devario kysonensis,Devario
Devario laoensis,Devario
Devario leptos,Devario
Devario maetaengensis,Devario
Devario malabaricus,Devario
Devario manipurensis,Devario
Devario naganensis,Devario
Devario neilgherriensis,Devario
Devario ostreographus,Devario
Devario pathirana,Devario
Devario peninsulae,Devario
Devario regina,Devario
Devario salmonata,Devario
Devario shanensis,Devario
Devario sondhii,Devario
Devario spinosus,Devario
Devario strigillifer,Devario
Devario suvatti,Devario
Devario xyrops,Devario
Devario yuensis,Devario
Dionda argentosa,Dionda
Dionda diaboli,Dionda
Dionda episcopa,Dionda
Dionda melanops,Dionda
Dionda nigrotaeniata,Dionda
Dionda serena,Dionda
Diplocheilichthys jentinkii,Diplocheilichthys
Diplocheilichthys pleurotaenia,Diplocheilichthys
Diptychus maculatus,Diptychus
Diptychus sewerzowi,Diptychus
Discherodontus ashmeadi,Discherodontus
Discherodontus halei,Discherodontus
Discherodontus parvus,Discherodontus
Discherodontus schroederi,Discherodontus
Discocheilus multilepis,Discocheilus
Discocheilus wui,Discocheilus
Discogobio antethoracalis,Discogobio
Discogobio bismargaritus,Discogobio
Discogobio brachyphysallidos,Discogobio
Discogobio caobangi,Discogobio
Discogobio dienbieni,Discogobio
Discogobio elongatus,Discogobio
Discogobio laticeps,Discogobio
Discogobio longibarbatus,Discogobio
Discogobio macrophysallidos,Discogobio
Discogobio microstoma,Discogobio
Discogobio multilineatus,Discogobio
Discogobio pacboensis,Discogobio
Discogobio poneventralis,Discogobio
Discogobio propeanalis,Discogobio
Discogobio tetrabarbatus,Discogobio
Discogobio yunnanensis,Discogobio
Discolabeo wuluoheensis,Discolabeo
Distoechodon macrophthalmus,Distoechodon
Distoechodon tumirostris,Distoechodon
Eechathalakenda ophicephalus,Eechathalakenda
Eirmotus furvus,Eirmotus
Eirmotus insignis,Eirmotus
Eirmotus isthmus,Eirmotus
Eirmotus octozona,Eirmotus
Elopichthys bambusa,Elopichthys
Engraulicypris bredoi,Engraulicypris
Engraulicypris brevianalis,Engraulicypris
Engraulicypris gariepinus,Engraulicypris
Engraulicypris howesi,Engraulicypris
Engraulicypris moeruensis,Engraulicypris
Engraulicypris ngalala,Engraulicypris
Engraulicypris sardella,Engraulicypris
Engraulicypris spinifer,Engraulicypris
Enteromius ablabes,Enteromius
Enteromius aboinensis,Enteromius
Enteromius afrohamiltoni,Enteromius
Enteromius afrovernayi,Enteromius
Enteromius aliciae,Enteromius
Enteromius aloyi,Enteromius
Enteromius amanpoae,Enteromius
Enteromius amatolicus,Enteromius
Enteromius anema,Enteromius
Enteromius annectens,Enteromius
Enteromius anniae,Enteromius
Enteromius anoplus,Enteromius
Enteromius ansorgii,Enteromius
Enteromius apleurogramma,Enteromius
Enteromius arambourgi,Enteromius
Enteromius arcislongae,Enteromius
Enteromius argenteus,Enteromius
Enteromius aspilus,Enteromius
Enteromius atakorensis,Enteromius
Enteromius atkinsoni,Enteromius
Enteromius atromaculatus,Enteromius
Enteromius bagbwensis,Enteromius
Enteromius barnardi,Enteromius
Enteromius barotseensis,Enteromius
Enteromius baudoni,Enteromius
Enteromius bawkuensis,Enteromius
Enteromius bifrenatus,Enteromius
Enteromius bigornei,Enteromius
Enteromius boboi,Enteromius
Enteromius bourdariei,Enteromius
Enteromius brachygramma,Enteromius
Enteromius brazzai,Enteromius
Enteromius breviceps,Enteromius
Enteromius brevidorsalis,Enteromius
Enteromius brevilateralis,Enteromius
Enteromius brevipinnis,Enteromius
Enteromius brichardi,Enteromius
Enteromius cadenati,Enteromius
Enteromius callipterus,Enteromius
Enteromius camptacanthus,Enteromius
Enteromius candens,Enteromius
Enteromius carcharhinoides,Enteromius
Enteromius carens,Enteromius
Enteromius castrasibutum,Enteromius
Enteromius catenarius,Enteromius
Enteromius caudosignatus,Enteromius
Enteromius cercops,Enteromius
Enteromius chicapaensis,Enteromius
Enteromius chiumbeensis,Enteromius
Enteromius chlorotaenia,Enteromius
Enteromius choloensis,Enteromius
Enteromius citrinus,Enteromius
Enteromius clauseni,Enteromius
Enteromius collarti,Enteromius
Enteromius condei,Enteromius
Enteromius deguidei,Enteromius
Enteromius deserti,Enteromius
Enteromius devosi,Enteromius
Enteromius dialonensis,Enteromius
Enteromius diamouanganai,Enteromius
Enteromius ditinensis,Enteromius
Enteromius dorsolineatus,Enteromius
Enteromius eburneensis,Enteromius
Enteromius erythrozonus,Enteromius
Enteromius eutaenia,Enteromius
Enteromius evansi,Enteromius
Enteromius fasciolatus,Enteromius
Enteromius foutensis,Enteromius
Enteromius greenwoodi,Enteromius
Enteromius guildi,Enteromius
Enteromius guineensis,Enteromius
Enteromius guirali,Enteromius
Enteromius gurneyi,Enteromius
Enteromius haasianus,Enteromius
Enteromius holotaenia,Enteromius
Enteromius huguenyi,Enteromius
Enteromius hulstaerti,Enteromius
Enteromius humeralis,Enteromius
Enteromius humilis,Enteromius
Enteromius inaequalis,Enteromius
Enteromius innocens,Enteromius
Enteromius jacksoni,Enteromius
Enteromius jae,Enteromius
Enteromius janssensi,Enteromius
Enteromius kamolondoensis,Enteromius
Enteromius kerstenii,Enteromius
Enteromius kessleri,Enteromius
Enteromius kissiensis,Enteromius
Enteromius kuiluensis,Enteromius
Enteromius lamani,Enteromius
Enteromius laticeps,Enteromius
Enteromius lauzannei,Enteromius
Enteromius leonensis,Enteromius
Enteromius liberiensis,Enteromius
Enteromius lineomaculatus,Enteromius
Enteromius litamba,Enteromius
Enteromius lornae,Enteromius
Enteromius loveridgii,Enteromius
Enteromius lufukiensis,Enteromius
Enteromius luikae,Enteromius
Enteromius lujae,Enteromius
Enteromius lukindae,Enteromius
Enteromius lukusiensis,Enteromius
Enteromius luluae,Enteromius
Enteromius machadoi,Enteromius
Enteromius macinensis,Enteromius
Enteromius macrops,Enteromius
Enteromius macrotaenia,Enteromius
Enteromius magdalenae,Enteromius
Enteromius manicensis,Enteromius
Enteromius marmoratus,Enteromius
Enteromius martorelli,Enteromius
Enteromius mattozi,Enteromius
Enteromius mediosquamatus,Enteromius
Enteromius melanotaenia,Enteromius
Enteromius mimus,Enteromius
Enteromius miolepis,Enteromius
Enteromius mocoensis,Enteromius
Enteromius mohasicus,Enteromius
Enteromius motebensis,Enteromius
Enteromius multilineatus,Enteromius
Enteromius musumbi,Enteromius
Enteromius neefi,Enteromius
Enteromius neglectus,Enteromius
Enteromius neumayeri,Enteromius
Enteromius nigeriensis,Enteromius
Enteromius nigrifilis,Enteromius
Enteromius nigroluteus,Enteromius
Enteromius niokoloensis,Enteromius
Enteromius nounensis,Enteromius
Enteromius nyanzae,Enteromius
Enteromius okae,Enteromius
Enteromius oligogrammus,Enteromius
Enteromius olivaceus,Enteromius
Enteromius owenae,Enteromius
Enteromius pallidus,Enteromius
Enteromius paludinosus,Enteromius
Enteromius papilio,Enteromius
Enteromius parablabes,Enteromius
Enteromius parajae,Enteromius
Enteromius pellegrini,Enteromius
Enteromius perince,Enteromius
Enteromius petchkovskyi,Enteromius
Enteromius pleurogramma,Enteromius
Enteromius pobeguini,Enteromius
Enteromius poechii,Enteromius
Enteromius potamogalis,Enteromius
Enteromius prionacanthus,Enteromius
Enteromius profundus,Enteromius
Enteromius pseudotoppini,Enteromius
Enteromius pumilus,Enteromius
Enteromius punctitaeniatus,Enteromius
Enteromius pygmaeus,Enteromius
Enteromius quadrilineatus,Enteromius
Enteromius quadripunctatus,Enteromius
Enteromius radiatus,Enteromius
Enteromius raimbaulti,Enteromius
Enteromius rohani,Enteromius
Enteromius roussellei,Enteromius
Enteromius rouxi,Enteromius
Enteromius rubrostigma,Enteromius
Enteromius salessei,Enteromius
Enteromius sensitivus,Enteromius
Enteromius serengetiensis,Enteromius
Enteromius sexradiatus,Enteromius
Enteromius seymouri,Enteromius
Enteromius stanleyi,Enteromius
Enteromius stauchi,Enteromius
Enteromius stigmasemion,Enteromius
Enteromius stigmatopygus,Enteromius
Enteromius subinensis,Enteromius
Enteromius sublineatus,Enteromius
Enteromius sylvaticus,Enteromius
Enteromius syntrechalepis,Enteromius
Enteromius taeniopleura,Enteromius
Enteromius taeniurus,Enteromius
Enteromius tanapelagius,Enteromius
Enteromius tegulifer,Enteromius
Enteromius tetraspilus,Enteromius
Enteromius tetrastigma,Enteromius
Enteromius teugelsi,Enteromius
Enteromius thamalakanensis,Enteromius
Enteromius thysi,Enteromius
Enteromius tiekoroi,Enteromius
Enteromius tomiensis,Enteromius
Enteromius tongaensis,Enteromius
Enteromius toppini,Enteromius
Enteromius traorei,Enteromius
Enteromius treurensis,Enteromius
Enteromius trimaculatus,Enteromius
Enteromius trinotatus,Enteromius
Enteromius trispiloides,Enteromius
Enteromius trispilomimus,Enteromius
Enteromius trispilopleura,Enteromius
Enteromius trispilos,Enteromius
Enteromius turkanae,Enteromius
Enteromius unitaeniatus,Enteromius
Enteromius urostigma,Enteromius
Enteromius usambarae,Enteromius
Enteromius validus,Enteromius
Enteromius vanderysti,Enteromius
Enteromius vandewallei,Enteromius
Enteromius venustus,Enteromius
Enteromius viktorianus,Enteromius
Enteromius viviparus,Enteromius
Enteromius walkeri,Enteromius
Enteromius wellmani,Enteromius
Enteromius yeiensis,Enteromius
Enteromius yongei,Enteromius
Enteromius zalbiensis,Enteromius
Enteromius zanzibaricus,Enteromius
Epalzeorhynchos bicolor,Epalzeorhynchos
Epalzeorhynchos frenatus,Epalzeorhynchos
Epalzeorhynchos kalopterus,Epalzeorhynchos
Epalzeorhynchos munense,Epalzeorhynchos
Eremichthys acros,Eremichthys
Ericymba amplamala,Ericymba
Erimystax cahni,Erimystax
Erimystax dissimilis,Erimystax
Erimystax harryi,Erimystax
Erimystax insignis,Erimystax
Erimystax x,Erimystax-punctatus
Esomus ahli,Esomus
Esomus altus,Esomus
Esomus barbatus,Esomus
Esomus caudiocellatus,Esomus
Esomus danrica,Esomus
Esomus lineatus,Esomus
Esomus longimanus,Esomus
Esomus malabaricus,Esomus
Esomus malayensis,Esomus
Esomus manipurensis,Esomus
Esomus metallicus,Esomus
Esomus thermoicos,Esomus
Evarra bustamantei,Evarra
Evarra eigenmanni,Evarra
Evarra tlahuacensis,Evarra
Exoglossum laurae,Exoglossum
Exoglossum maxillingua,Exoglossum
Fangfangia spinicleithralis,Fangfangia
Folifer brevifilis,Folifer
Garra abhoyai,Garra
Garra aethiopica,Garra
Garra allostoma,Garra
Garra alticaputus,Garra
Garra amirhosseini,Garra
Garra annandalei,Garra
Garra apogon,Garra
Garra arunachalensis,Garra
Garra arupi,Garra
Garra barreimiae,Garra
Garra bibarbatus,Garra
Garra bicornuta,Garra
Garra birostris,Garra
Garra bisangularis,Garra
Garra bispinosa,Garra
Garra blanfordii,Garra
Garra borneensis,Garra
Garra bourreti,Garra
Garra buettikeri,Garra
Garra cambodgiensis,Garra
Garra ceylonensis,Garra
Garra chebera,Garra
Garra compressus,Garra
Garra congoensis,Garra
Garra culiciphaga,Garra
Garra cyclostomata,Garra
Garra cyrano,Garra
Garra dampaensis,Garra
Garra dembecha,Garra
Garra dembeensis,Garra
Garra dulongensis,Garra
Garra dunsirei,Garra
Garra duobarbis,Garra
Garra elegans,Garra
Garra elongata,Garra
Garra emarginata,Garra
Garra ethelwynnae,Garra
Garra fasciacauda,Garra
Garra festai,Garra
Garra findolabium,Garra
Garra fisheri,Garra
Garra flavatra,Garra
Garra fuliginosa,Garra
Garra geba,Garra
Garra ghorensis,Garra
Garra gotyla,Garra
Garra gracilis,Garra
Garra gravelyi,Garra
Garra hainanensis,Garra
Garra hindii,Garra
Garra hughi,Garra
Garra ignestii,Garra
Garra imbarbatus,Garra
Garra imberba,Garra
Garra imberbis,Garra
Garra jerdoni,Garra
Garra jordanica,Garra
Garra kalakadensis,Garra
Garra kalpangi,Garra
Garra kemali,Garra
Garra kempi,Garra
Garra khawbungi,Garra
Garra kimini,Garra
Garra laichowensis,Garra
Garra lamta,Garra
Garra lancrenonensis,Garra
Garra lautior,Garra
Garra lissorhynchus,Garra
Garra litanensis,Garra
Garra longipinnis,Garra
Garra lorestanensis,Garra
Garra magnidiscus,Garra
Garra makiensis,Garra
Garra mamshuqa,Garra
Garra manipurensis,Garra
Garra mcclellandi,Garra
Garra menderesensis,Garra
Garra menoni,Garra
Garra micropulvinus,Garra
Garra mini,Garra
Garra minimus,Garra
Garra mirofrontis,Garra
Garra mlapparaensis,Garra
Garra mullya,Garra
Garra naganensis,Garra
Garra nambulica,Garra
Garra namyaensis,Garra
Garra nana,Garra
Garra nasuta,Garra
Garra nethravathiensis,Garra
Garra nigricauda,Garra
Garra nigricollis,Garra
Garra notata,Garra
Garra nujiangensis,Garra
Garra orientalis,Garra
Garra ornata,Garra
Garra palaruvica,Garra
Garra paralissorhynchus,Garra
Garra periyarensis,Garra
Garra persica,Garra
Garra phillipsi,Garra
Garra platycephala,Garra
Garra poecilura,Garra
Garra poilanei,Garra
Garra propulvinus,Garra
Garra qiaojiensis,Garra
Garra quadratirostris,Garra
Garra quadrimaculata,Garra
Garra rakhinica,Garra
Garra regressus,Garra
Garra rossica,Garra
Garra rotundinasus,Garra
Garra rufa,Garra
Garra rupecula,Garra
Garra sahilia,Garra
Garra salweenica,Garra
Garra smarti,Garra
Garra spilota,Garra
Garra stenorhynchus,Garra
Garra surendranathanii,Garra
Garra tana,Garra
Garra tashanensis,Garra
Garra tengchongensis,Garra
Garra theunensis,Garra
Garra tibanica,Garra
Garra tyao,Garra
Garra typhlops,Garra
Garra variabilis,Garra
Garra vittatula,Garra
Garra waensis,Garra
Garra wanae,Garra
Garra waterloti,Garra
Garra widdowsoni,Garra
Garra yiliangensis,Garra
Gibelion catla,Gibelion
Gila atraria,Gila
Gila brevicauda,Gila
Gila coerulea,Gila
Gila conspersa,Gila
Gila crassicauda,Gila
Gila cypha,Gila
Gila ditaenia,Gila
Gila elegans,Gila
Gila eremica,Gila
Gila intermedia,Gila
Gila minacae,Gila
Gila modesta,Gila
Gila nigra,Gila
Gila nigrescens,Gila
Gila orcuttii,Gila
Gila pandora,Gila
Gila pulchra,Gila
Gila purpurea,Gila
Gila robusta,Gila
Gila seminuda,Gila
Gnathopogon caerulescens,Gnathopogon
Gnathopogon elongatus,Gnathopogon
Gnathopogon herzensteini,Gnathopogon
Gnathopogon imberbis,Gnathopogon
Gnathopogon nicholsi,Gnathopogon
Gnathopogon polytaenia,Gnathopogon
Gnathopogon strigatus,Gnathopogon
Gnathopogon taeniellus,Gnathopogon
Gnathopogon tsinanensis,Gnathopogon
Gobio acutipinnatus,Gobio
Gobio alverniae,Gobio
Gobio artvinicus,Gobio
Gobio battalgilae,Gobio
Gobio brevicirris,Gobio
Gobio bulgaricus,Gobio
Gobio carpathicus,Gobio
Gobio caucasicus,Gobio
Gobio coriparoides,Gobio
Gobio cynocephalus,Gobio
Gobio delyamurei,Gobio
Gobio feraeensis,Gobio
Gobio fushunensis,Gobio
Gobio gobio,Gobio
Gobio gymnostethus,Gobio
Gobio hettitorum,Gobio
Gobio holurus,Gobio
Gobio huanghensis,Gobio
Gobio insuyanus,Gobio
Gobio intermedius,Gobio
Gobio kizilirmakensis,Gobio
Gobio kovatschevi,Gobio
Gobio krymensis,Gobio
Gobio kubanicus,Gobio
Gobio lingyuanensis,Gobio
Gobio lozanoi,Gobio
Gobio macrocephalus,Gobio
Gobio maeandricus,Gobio
Gobio meridionalis,Gobio
Gobio microlepidotus,Gobio
Gobio obtusirostris,Gobio
Gobio occitaniae,Gobio
Gobio ohridanus,Gobio
Gobio rivuloides,Gobio
Gobio sakaryaensis,Gobio
Gobio sarmaticus,Gobio
Gobio sibiricus,Gobio
Gobio skadarensis,Gobio
Gobio soldatovi,Gobio
Gobio volgensis,Gobio
Gobiobotia abbreviata,Gobiobotia
Gobiobotia brevibarba,Gobiobotia
Gobiobotia brevirostris,Gobiobotia
Gobiobotia cheni,Gobiobotia
Gobiobotia filifer,Gobiobotia
Gobiobotia guilingensis,Gobiobotia
Gobiobotia homalopteroidea,Gobiobotia
Gobiobotia jiangxiensis,Gobiobotia
Gobiobotia kolleri,Gobiobotia
Gobiobotia longibarba,Gobiobotia
Gobiobotia macrocephala,Gobiobotia
Gobiobotia meridionalis,Gobiobotia
Gobiobotia naktongensis,Gobiobotia
Gobiobotia nicholsi,Gobiobotia
Gobiobotia pappenheimi,Gobiobotia
Gobiobotia paucirastella,Gobiobotia
Gobiobotia tungi,Gobiobotia
Gobiobotia yuanjiangensis,Gobiobotia
Gobiocypris rarus,Gobiocypris
Gymnocypris chilianensis,Gymnocypris
Gymnocypris chui,Gymnocypris
Gymnocypris dobula,Gymnocypris
Gymnocypris eckloni,Gymnocypris
Gymnocypris firmispinatus,Gymnocypris
Gymnocypris namensis,Gymnocypris
Gymnocypris potanini,Gymnocypris
Gymnocypris przewalskii,Gymnocypris
Gymnocypris scleracanthus,Gymnocypris
Gymnocypris waddellii,Gymnocypris
Gymnodanio strigatus,Gymnodanio
Gymnodiptychus dybowskii,Gymnodiptychus
Gymnodiptychus integrigymnatus,Gymnodiptychus
Gymnodiptychus pachycheilus,Gymnodiptychus
Gymnostomus horai,Gymnostomus
Hainania serrata,Hainania
Haludaria afasciata,Haludaria
Haludaria fasciata,Haludaria
Haludaria kannikattiensis,Haludaria
Haludaria melanampyx,Haludaria
Hampala ampalong,Hampala
Hampala bimaculata,Hampala
Hampala dispar,Hampala
Hampala lopezi,Hampala
Hampala macrolepidota,Hampala
Hampala sabana,Hampala
Hampala salweenensis,Hampala
Hemibarbus brevipennus,Hemibarbus
Hemibarbus labeo,Hemibarbus
Hemibarbus lehoai,Hemibarbus
Hemibarbus longirostris,Hemibarbus
Hemibarbus macracanthus,Hemibarbus
Hemibarbus maculatus,Hemibarbus
Hemibarbus medius,Hemibarbus
Hemibarbus mylodon,Hemibarbus
Hemibarbus qianjiangensis,Hemibarbus
Hemibarbus songloensis,Hemibarbus
Hemibarbus thacmoensis,Hemibarbus
Hemibarbus umbrifer,Hemibarbus
Hemiculter bleekeri,Hemiculter
Hemiculter elongatus,Hemiculter
Hemiculter krempfi,Hemiculter
Hemiculter leucisculus,Hemiculter
Hemiculter lucidus,Hemiculter
Hemiculter songhongensis,Hemiculter
Hemiculter tchangi,Hemiculter
Hemiculter varpachovskii,Hemiculter
Hemiculterella macrolepis,Hemiculterella
Hemiculterella sauvagei,Hemiculterella
Hemiculterella wui,Hemiculterella
Hemigrammocypris rasborella,Hemigrammocypris
Hemitremia flammea,Hemitremia
Henicorhynchus lineatus,Henicorhynchus
Henicorhynchus lobatus,Henicorhynchus
Henicorhynchus ornatipinnis,Henicorhynchus
Henicorhynchus siamensis,Henicorhynchus
Herzensteinia microcephalus,Herzensteinia
Hesperoleucus symmetricus,Hesperoleucus
Hongshuia banmo,Hongshuia
Hongshuia microstomatus,Hongshuia
Hongshuia paoli,Hongshuia
Horadandia atukorali,Horadandia
Horadandia brittani,Horadandia
Horalabiosa arunachalami,Horalabiosa
Horalabiosa joshuai,Horalabiosa
Horalabiosa palaniensis,Horalabiosa
Huigobio chenhsienensis,Huigobio
Huigobio exilicauda,Huigobio
Hybognathus amarus,Hybognathus
Hybognathus argyritis,Hybognathus
Hybognathus hankinsoni,Hybognathus
Hybognathus hayi,Hybognathus
Hybognathus nuchalis,Hybognathus
Hybognathus placitus,Hybognathus
Hybognathus regius,Hybognathus
Hybopsis amblops,Hybopsis
Hybopsis amnis,Hybopsis
Hybopsis hypsinotus,Hybopsis
Hybopsis lineapunctata,Hybopsis
Hybopsis rubrifrons,Hybopsis
Hybopsis winchelli,Hybopsis
Hypophthalmichthys harmandi,Hypophthalmichthys
Hypophthalmichthys molitrix,Hypophthalmichthys
Hypophthalmichthys nobilis,Hypophthalmichthys
Hypselobarbus curmuca,Hypselobarbus
Hypselobarbus dobsoni,Hypselobarbus
Hypselobarbus dubius,Hypselobarbus
Hypselobarbus gracilis,Hypselobarbus
Hypselobarbus jerdoni,Hypselobarbus
Hypselobarbus keralaensis,Hypselobarbus
Hypselobarbus kolus,Hypselobarbus
Hypselobarbus kurali,Hypselobarbus
Hypselobarbus lithopidos,Hypselobarbus
Hypselobarbus micropogon,Hypselobarbus
Hypselobarbus mussullah,Hypselobarbus
Hypselobarbus nilgiriensis,Hypselobarbus
Hypselobarbus periyarensis,Hypselobarbus
Hypselobarbus pseudomussullah,Hypselobarbus
Hypselobarbus pulchellus,Hypselobarbus
Hypselobarbus thomassi,Hypselobarbus
Hypsibarbus annamensis,Hypsibarbus
Hypsibarbus lagleri,Hypsibarbus
Hypsibarbus macrosquamatus,Hypsibarbus
Hypsibarbus malcolmi,Hypsibarbus
Hypsibarbus myitkyinae,Hypsibarbus
Hypsibarbus oatesii,Hypsibarbus
Hypsibarbus pierrei,Hypsibarbus
Hypsibarbus salweenensis,Hypsibarbus
Hypsibarbus suvattii,Hypsibarbus
Hypsibarbus vernayi,Hypsibarbus
Hypsibarbus wetmorei,Hypsibarbus
Iberochondrostoma almacai,Iberochondrostoma
Iberochondrostoma lemmingii,Iberochondrostoma
Iberochondrostoma lusitanicum,Iberochondrostoma
Iberochondrostoma olisiponensis,Iberochondrostoma
Iberochondrostoma oretanum,Iberochondrostoma
Iberocypris palaciosi,Iberocypris
Inlecypris jayarami,Inlecypris
Iotichthys phlegethontis,Iotichthys
Ischikauia steenackeri,Ischikauia
Kalimantania lawak,Kalimantania
Kottelatia brittani,Kottelatia
Labeo alluaudi,Labeo
Labeo alticentralis,Labeo
Labeo altivelis,Labeo
Labeo angra,Labeo
Labeo annectens,Labeo
Labeo ansorgii,Labeo
Labeo baldasseronii,Labeo
Labeo barbatulus,Labeo
Labeo barbatus,Labeo
Labeo bata,Labeo
Labeo batesii,Labeo
Labeo boga,Labeo
Labeo boggut,Labeo
Labeo bottegi,Labeo
Labeo boulengeri,Labeo
Labeo brachypoma,Labeo
Labeo caeruleus,Labeo
Labeo calbasu,Labeo
Labeo camerunensis,Labeo
Labeo capensis,Labeo
Labeo chariensis,Labeo
Labeo chrysophekadion,Labeo
Labeo congoro,Labeo
Labeo coubie,Labeo
Labeo curchius,Labeo
Labeo curriei,Labeo
Labeo cyclopinnis,Labeo
Labeo cyclorhynchus,Labeo
Labeo cylindricus,Labeo
Labeo degeni,Labeo
Labeo dhonti,Labeo
Labeo dussumieri,Labeo
Labeo dyocheilus,Labeo
Labeo erythropterus,Labeo
Labeo falcipinnis,Labeo
Labeo fimbriatus,Labeo
Labeo fisheri,Labeo
Labeo forskalii,Labeo
Labeo fuelleborni,Labeo
Labeo fulakariensis,Labeo
Labeo gonius,Labeo
Labeo greenii,Labeo
Labeo gregorii,Labeo
Labeo horie,Labeo
Labeo indramontri,Labeo
Labeo kawrus,Labeo
Labeo kibimbi,Labeo
Labeo kirkii,Labeo
Labeo kontius,Labeo
Labeo lineatus,Labeo
Labeo lividus,Labeo
Labeo longipinnis,Labeo
Labeo lualabaensis,Labeo
Labeo lukulae,Labeo
Labeo luluae,Labeo
Labeo lunatus,Labeo
Labeo macmahoni,Labeo
Labeo macrostoma,Labeo
Labeo maleboensis,Labeo
Labeo meroensis,Labeo
Labeo mesops,Labeo
Labeo microphthalmus,Labeo
Labeo mokotoensis,Labeo
Labeo molybdinus,Labeo
Labeo moszkowskii,Labeo
Labeo nandina,Labeo
Labeo nasus,Labeo
Labeo nigricans,Labeo
Labeo nigripinnis,Labeo
Labeo niloticus,Labeo
Labeo nunensis,Labeo
Labeo pangusia,Labeo
Labeo parvus,Labeo
Labeo pellegrini,Labeo
Labeo percivali,Labeo
Labeo pierrei,Labeo
Labeo pietschmanni,Labeo
Labeo polli,Labeo
Labeo porcellus,Labeo
Labeo potail,Labeo
Labeo quadribarbis,Labeo
Labeo rajasthanicus,Labeo
Labeo rectipinnis,Labeo
Labeo reidi,Labeo
Labeo ricnorhynchus,Labeo
Labeo rohita,Labeo
Labeo rosae,Labeo
Labeo roseopunctatus,Labeo
Labeo rouaneti,Labeo
Labeo rubromaculatus,Labeo
Labeo ruddi,Labeo
Labeo sanagaensis,Labeo
Labeo seeberi,Labeo
Labeo senegalensis,Labeo
Labeo simpsoni,Labeo
Labeo sorex,Labeo
Labeo stolizkae,Labeo
Labeo trigliceps,Labeo
Labeo udaipurensis,Labeo
Labeo umbratus,Labeo
Labeo victorianus,Labeo
Labeo weeksii,Labeo
Labeo werneri,Labeo
Labeo worthingtoni,Labeo
Labeo yunnanensis,Labeo
Labeobarbus acuticeps,Labeobarbus
Labeobarbus acutirostris,Labeobarbus
Labeobarbus aeneus,Labeobarbus
Labeobarbus alluaudi,Labeobarbus
Labeobarbus altianalis,Labeobarbus
Labeobarbus altipinnis,Labeobarbus
Labeobarbus ansorgii,Labeobarbus
Labeobarbus aspius,Labeobarbus
Labeobarbus axelrodi,Labeobarbus
Labeobarbus batesii,Labeobarbus
Labeobarbus beso,Labeobarbus
Labeobarbus boulengeri,Labeobarbus
Labeobarbus brauni,Labeobarbus
Labeobarbus brevicephalus,Labeobarbus
Labeobarbus brevispinis,Labeobarbus
Labeobarbus bynni,Labeobarbus
Labeobarbus cardozoi,Labeobarbus
Labeobarbus caudovittatus,Labeobarbus
Labeobarbus clarkeae,Labeobarbus
Labeobarbus claudinae,Labeobarbus
Labeobarbus codringtonii,Labeobarbus
Labeobarbus compiniei,Labeobarbus
Labeobarbus crassibarbis,Labeobarbus
Labeobarbus dainellii,Labeobarbus
Labeobarbus dartevellei,Labeobarbus
Labeobarbus dimidiatus,Labeobarbus
Labeobarbus ensifer,Labeobarbus
Labeobarbus ensis,Labeobarbus
Labeobarbus ethiopicus,Labeobarbus
Labeobarbus fasolt,Labeobarbus
Labeobarbus fimbriatus,Labeobarbus
Labeobarbus gananensis,Labeobarbus
Labeobarbus gestetneri,Labeobarbus
Labeobarbus girardi,Labeobarbus
Labeobarbus gorgorensis,Labeobarbus
Labeobarbus gorguari,Labeobarbus
Labeobarbus gruveli,Labeobarbus
Labeobarbus gulielmi,Labeobarbus
Labeobarbus habereri,Labeobarbus
Labeobarbus huloti,Labeobarbus
Labeobarbus humphri,Labeobarbus
Labeobarbus intermedius,Labeobarbus
Labeobarbus iphthimostoma,Labeobarbus
Labeobarbus iturii,Labeobarbus
Labeobarbus jaegeri,Labeobarbus
Labeobarbus johnstonii,Labeobarbus
Labeobarbus jubae,Labeobarbus
Labeobarbus jubbi,Labeobarbus
Labeobarbus kimberleyensis,Labeobarbus
Labeobarbus lagensis,Labeobarbus
Labeobarbus latirostris,Labeobarbus
Labeobarbus leleupanus,Labeobarbus
Labeobarbus longidorsalis,Labeobarbus
Labeobarbus longifilis,Labeobarbus
Labeobarbus longissimus,Labeobarbus
Labeobarbus lucius,Labeobarbus
Labeobarbus lufupensis,Labeobarbus
Labeobarbus macroceps,Labeobarbus
Labeobarbus macrolepidotus,Labeobarbus
Labeobarbus macrolepis,Labeobarbus
Labeobarbus macrophtalmus,Labeobarbus
Labeobarbus malacanthus,Labeobarbus
Labeobarbus marequensis,Labeobarbus
Labeobarbus mariae,Labeobarbus
Labeobarbus maroccanus,Labeobarbus
Labeobarbus matris,Labeobarbus
Labeobarbus mawambi,Labeobarbus
Labeobarbus mawambiensis,Labeobarbus
Labeobarbus mbami,Labeobarbus
Labeobarbus megastoma,Labeobarbus
Labeobarbus microbarbis,Labeobarbus
Labeobarbus micronema,Labeobarbus
Labeobarbus microterolepis,Labeobarbus
Labeobarbus mirabilis,Labeobarbus
Labeobarbus mungoensis,Labeobarbus
Labeobarbus nanningsi,Labeobarbus
Labeobarbus natalensis,Labeobarbus
Labeobarbus nedgia,Labeobarbus
Labeobarbus nelspruitensis,Labeobarbus
Labeobarbus nthuwa,Labeobarbus
Labeobarbus osseensis,Labeobarbus
Labeobarbus oxyrhynchus,Labeobarbus
Labeobarbus pagenstecheri,Labeobarbus
Labeobarbus parawaldroni,Labeobarbus
Labeobarbus paucisquamatus,Labeobarbus
Labeobarbus pellegrini,Labeobarbus
Labeobarbus petitjeani,Labeobarbus
Labeobarbus platydorsus,Labeobarbus
Labeobarbus platyrhinus,Labeobarbus
Labeobarbus platystomus,Labeobarbus
Labeobarbus pojeri,Labeobarbus
Labeobarbus polylepis,Labeobarbus
Labeobarbus progenys,Labeobarbus
Labeobarbus pungweensis,Labeobarbus
Labeobarbus reinii,Labeobarbus
Labeobarbus rhinoceros,Labeobarbus
Labeobarbus rhinophorus,Labeobarbus
Labeobarbus robertsi,Labeobarbus
Labeobarbus rocadasi,Labeobarbus
Labeobarbus rosae,Labeobarbus
Labeobarbus roylii,Labeobarbus
Labeobarbus ruandae,Labeobarbus
Labeobarbus ruasae,Labeobarbus
Labeobarbus ruwenzorii,Labeobarbus
Labeobarbus sacratus,Labeobarbus
Labeobarbus sandersi,Labeobarbus
Labeobarbus seeberi,Labeobarbus
Labeobarbus semireticulatus,Labeobarbus
Labeobarbus somereni,Labeobarbus
Labeobarbus stappersii,Labeobarbus
Labeobarbus steindachneri,Labeobarbus
Labeobarbus stenostoma,Labeobarbus
Labeobarbus surkis,Labeobarbus
Labeobarbus tornieri,Labeobarbus
Labeobarbus trachypterus,Labeobarbus
Labeobarbus tropidolepis,Labeobarbus
Labeobarbus truttiformis,Labeobarbus
Labeobarbus tsanensis,Labeobarbus
Labeobarbus upembensis,Labeobarbus
Labeobarbus urotaenia,Labeobarbus
Labeobarbus varicostoma,Labeobarbus
Labeobarbus versluysii,Labeobarbus
Labeobarbus werneri,Labeobarbus
Labeobarbus wittei,Labeobarbus
Labeobarbus wurtzi,Labeobarbus
Labeobarbus xyrocheilus,Labeobarbus
Labiobarbus cyanopareja,Labiobarbus
Labiobarbus fasciatus,Labiobarbus
Labiobarbus festivus,Labiobarbus
Labiobarbus lamellifer,Labiobarbus
Labiobarbus leptocheilus,Labiobarbus
Labiobarbus lineatus,Labiobarbus
Labiobarbus ocellatus,Labiobarbus
Labiobarbus sabanus,Labiobarbus
Labiobarbus siamensis,Labiobarbus
Ladigesocypris irideus,Ladigesocypris
Ladigesocypris mermere,Ladigesocypris
Ladislavia taczanowskii,Ladislavia
Laocypris hispida,Laocypris
Laubuka brahmaputraensis,Laubuka
Laubuka caeruleostigmata,Laubuka
Laubuka dadiburjori,Laubuka
Laubuka fasciata,Laubuka
Laubuka insularis,Laubuka
Laubuka lankensis,Laubuka
Laubuka laubuca,Laubuka
Laubuka ruhuna,Laubuka
Laubuka siamensis,Laubuka
Laubuka varuna,Laubuka
Lavinia exilicauda,Lavinia
Lepidomeda albivallis,Lepidomeda
Lepidomeda aliciae,Lepidomeda
Lepidomeda altivelis,Lepidomeda
Lepidomeda copei,Lepidomeda
Lepidomeda mollispinis,Lepidomeda
Lepidomeda vittata,Lepidomeda
Lepidopygopsis typus,Lepidopygopsis
Leptobarbus hoevenii,Leptobarbus
Leptobarbus hosii,Leptobarbus
Leptobarbus melanopterus,Leptobarbus
Leptobarbus melanotaenia,Leptobarbus
Leptobarbus rubripinna,Leptobarbus
Leptocypris crossensis,Leptocypris
Leptocypris guineensis,Leptocypris
Leptocypris konkoureensis,Leptocypris
Leptocypris lujae,Leptocypris
Leptocypris modestus,Leptocypris
Leptocypris niloticus,Leptocypris
Leptocypris taiaensis,Leptocypris
Leptocypris weeksii,Leptocypris
Leptocypris weynsii,Leptocypris
Leucalburnus satunini,Leucalburnus
Leucaspius delineatus,Leucaspius
Leuciscus aspius,Leuciscus
Leuciscus baicalensis,Leuciscus
Leuciscus bearnensis,Leuciscus
Leuciscus bergi,Leuciscus
Leuciscus burdigalensis,Leuciscus
Leuciscus chuanchicus,Leuciscus
Leuciscus danilewskii,Leuciscus
Leuciscus dzungaricus,Leuciscus
Leuciscus gaderanus,Leuciscus
Leuciscus idus,Leuciscus
Leuciscus latus,Leuciscus
Leuciscus lehmanni,Leuciscus
Leuciscus leuciscus,Leuciscus
Leuciscus lindbergi,Leuciscus
Leuciscus merzbacheri,Leuciscus
Leuciscus oxyrrhis,Leuciscus
Leuciscus schmidti,Leuciscus
Leuciscus vorax,Leuciscus
Leuciscus waleckii,Leuciscus
Leucos albus,Leucos
Leucos aula,Leucos
Leucos basak,Leucos
Leucos panosi,Leucos
Leucos ylikiensis,Leucos
Linichthys laticeps,Linichthys
Lobocheilos bo,Lobocheilos
Lobocheilos cornutus,Lobocheilos
Lobocheilos cryptopogon,Lobocheilos
Lobocheilos davisi,Lobocheilos
Lobocheilos delacouri,Lobocheilos
Lobocheilos erinaceus,Lobocheilos
Lobocheilos falcifer,Lobocheilos
Lobocheilos fowleri,Lobocheilos
Lobocheilos gracilis,Lobocheilos
Lobocheilos ixocheilos,Lobocheilos
Lobocheilos kajanensis,Lobocheilos
Lobocheilos lehat,Lobocheilos
Lobocheilos melanotaenia,Lobocheilos
Lobocheilos nigrovittatus,Lobocheilos
Lobocheilos ovalis,Lobocheilos
Lobocheilos quadrilineatus,Lobocheilos
Lobocheilos rhabdoura,Lobocheilos
Lobocheilos schwanenfeldii,Lobocheilos
Lobocheilos tenura,Lobocheilos
Lobocheilos terminalis,Lobocheilos
Lobocheilos thavili,Lobocheilos
Lobocheilos trangensis,Lobocheilos
Lobocheilos unicornis,Lobocheilos
Longanalus macrochirous,Longanalus
Longiculter siahi,Longiculter
Luciobarbus albanicus,Luciobarbus
Luciobarbus barbulus,Luciobarbus
Luciobarbus biscarensis,Luciobarbus
Luciobarbus bocagei,Luciobarbus
Luciobarbus brachycephalus,Luciobarbus
Luciobarbus callensis,Luciobarbus
Luciobarbus capito,Luciobarbus
Luciobarbus caspius,Luciobarbus
Luciobarbus comizo,Luciobarbus
Luciobarbus escherichii,Luciobarbus
Luciobarbus esocinus,Luciobarbus
Luciobarbus graecus,Luciobarbus
Luciobarbus graellsii,Luciobarbus
Luciobarbus guercifensis,Luciobarbus
Luciobarbus guiraonis,Luciobarbus
Luciobarbus kersin,Luciobarbus
Luciobarbus kottelati,Luciobarbus
Luciobarbus leptopogon,Luciobarbus
Luciobarbus longiceps,Luciobarbus
Luciobarbus lydianus,Luciobarbus
Luciobarbus maghrebensis,Luciobarbus
Luciobarbus magniatlantis,Luciobarbus
Luciobarbus microcephalus,Luciobarbus
Luciobarbus mursa,Luciobarbus
Luciobarbus mystaceus,Luciobarbus
Luciobarbus nasus,Luciobarbus
Luciobarbus pallaryi,Luciobarbus
Luciobarbus pectoralis,Luciobarbus
Luciobarbus rabatensis,Luciobarbus
Luciobarbus rifensis,Luciobarbus
Luciobarbus sclateri,Luciobarbus
Luciobarbus setivimensis,Luciobarbus
Luciobarbus steindachneri,Luciobarbus
Luciobarbus subquincunciatus,Luciobarbus
Luciobarbus xanthopterus,Luciobarbus
Luciobarbus yahyaouii,Luciobarbus
Luciobarbus zayanensis,Luciobarbus
Luciobrama macrocephalus,Luciobrama
Luciocyprinus langsoni,Luciocyprinus
Luciocyprinus striolatus,Luciocyprinus
Luciosoma bleekeri,Luciosoma
Luciosoma pellegrinii,Luciosoma
Luciosoma setigerum,Luciosoma
Luciosoma spilopleura,Luciosoma
Luciosoma trinema,Luciosoma
Luxilus albeolus,Luxilus
Luxilus cardinalis,Luxilus
Luxilus cerasinus,Luxilus
Luxilus chrysocephalus,Luxilus
Luxilus coccogenis,Luxilus
Luxilus cornutus,Luxilus
Luxilus pilsbryi,Luxilus
Luxilus zonatus,Luxilus
Luxilus zonistius,Luxilus
Lythrurus alegnotus,Lythrurus
Lythrurus ardens,Lythrurus
Lythrurus atrapiculus,Lythrurus
Lythrurus bellus,Lythrurus
Lythrurus fasciolaris,Lythrurus
Lythrurus fumeus,Lythrurus
Lythrurus lirus,Lythrurus
Lythrurus matutinus,Lythrurus
Lythrurus roseipinnis,Lythrurus
Lythrurus snelsoni,Lythrurus
Lythrurus umbratilis,Lythrurus
Macrhybopsis aestivalis,Macrhybopsis
Macrhybopsis australis,Macrhybopsis
Macrhybopsis boschungi,Macrhybopsis
Macrhybopsis etnieri,Macrhybopsis
Macrhybopsis gelida,Macrhybopsis
Macrhybopsis hyostoma,Macrhybopsis
Macrhybopsis marconis,Macrhybopsis
Macrhybopsis meeki,Macrhybopsis
Macrhybopsis pallida,Macrhybopsis
Macrhybopsis storeriana,Macrhybopsis
Macrhybopsis tetranema,Macrhybopsis
Macrhybopsis tomellerii,Macrhybopsis
Macrochirichthys macrochirus,Macrochirichthys
Malayochela maassi,Malayochela
Margariscus margarita,Margariscus
Margariscus nachtriebi,Margariscus
Meda fulgida,Meda
Megalobrama amblycephala,Megalobrama
Megalobrama elongata,Megalobrama
Megalobrama mantschuricus,Megalobrama
Megalobrama pellegrini,Megalobrama
Megalobrama terminalis,Megalobrama
Megarasbora elanga,Megarasbora
Mekongina bibarba,Mekongina
Mekongina erythrospila,Mekongina
Mekongina lancangensis,Mekongina
Mesogobio lachneri,Mesogobio
Mesogobio tumenensis,Mesogobio
Mesopotamichthys sharpeyi,Mesopotamichthys
Metzia alba,Metzia
Metzia bounthobi,Metzia
Metzia formosae,Metzia
Metzia hautus,Metzia
Metzia lineata,Metzia
Metzia longinasus,Metzia
Metzia mesembrinum,Metzia
Metzia parva,Metzia
Microdevario gatesi,Microdevario
Microdevario kubotai,Microdevario
Microdevario nana,Microdevario
Microphysogobio alticorpus,Microphysogobio
Microphysogobio amurensis,Microphysogobio
Microphysogobio anudarini,Microphysogobio
Microphysogobio brevirostris,Microphysogobio
Microphysogobio chinssuensis,Microphysogobio
Microphysogobio elongatus,Microphysogobio
Microphysogobio fukiensis,Microphysogobio
Microphysogobio hsinglungshanensis,Microphysogobio
Microphysogobio jeoni,Microphysogobio
Microphysogobio kachekensis,Microphysogobio
Microphysogobio kiatingensis,Microphysogobio
Microphysogobio koreensis,Microphysogobio
Microphysogobio labeoides,Microphysogobio
Microphysogobio liaohensis,Microphysogobio
Microphysogobio linghensis,Microphysogobio
Microphysogobio longidorsalis,Microphysogobio
Microphysogobio microstomus,Microphysogobio
Microphysogobio nudiventris,Microphysogobio
Microphysogobio pseudoelongatus,Microphysogobio
Microphysogobio rapidus,Microphysogobio
Microphysogobio tafangensis,Microphysogobio
Microphysogobio tungtingensis,Microphysogobio
Microphysogobio vietnamica,Microphysogobio
Microphysogobio wulonghensis,Microphysogobio
Microphysogobio yaluensis,Microphysogobio
Microphysogobio yunnanensis,Microphysogobio
Microrasbora microphthalma,Microrasbora
Microrasbora rubescens,Microrasbora
Mirogrex hulensis,Mirogrex
Mirogrex terraesanctae,Mirogrex
Moapa coriacea,Moapa
Mylocheilus caurinus,Mylocheilus
Mylopharodon conocephalus,Mylopharodon
Mylopharyngodon piceus,Mylopharyngodon
Mystacoleucus argenteus,Mystacoleucus
Mystacoleucus atridorsalis,Mystacoleucus
Mystacoleucus chilopterus,Mystacoleucus
Mystacoleucus ectypus,Mystacoleucus
Mystacoleucus greenwayi,Mystacoleucus
Mystacoleucus lepturus,Mystacoleucus
Mystacoleucus marginatus,Mystacoleucus
Mystacoleucus padangensis,Mystacoleucus
Naziritor zhobensis,Naziritor
Nematabramis alestes,Nematabramis
Nematabramis borneensis,Nematabramis
Nematabramis everetti,Nematabramis
Nematabramis steindachnerii,Nematabramis
Nematabramis verecundus,Nematabramis
Neobarynotus microlepis,Neobarynotus
Neobola bottegoi,Neobola
Neobola fluviatilis,Neobola
Neobola nilotica,Neobola
Neobola stellae,Neobola
Neolissochilus baoshanensis,Neolissochilus
Neolissochilus benasi,Neolissochilus
Neolissochilus blanci,Neolissochilus
Neolissochilus blythii,Neolissochilus
Neolissochilus bovanicus,Neolissochilus
Neolissochilus compressus,Neolissochilus
Neolissochilus dukai,Neolissochilus
Neolissochilus hendersoni,Neolissochilus
Neolissochilus heterostomus,Neolissochilus
Neolissochilus hexagonolepis,Neolissochilus
Neolissochilus hexastichus,Neolissochilus
Neolissochilus longipinnis,Neolissochilus
Neolissochilus namlenensis,Neolissochilus
Neolissochilus nigrovittatus,Neolissochilus
Neolissochilus paucisquamatus,Neolissochilus
Neolissochilus soroides,Neolissochilus
Neolissochilus spinulosus,Neolissochilus
Neolissochilus stevensonii,Neolissochilus
Neolissochilus stracheyi,Neolissochilus
Neolissochilus subterraneus,Neolissochilus
Neolissochilus sumatranus,Neolissochilus
Neolissochilus thienemanni,Neolissochilus
Neolissochilus tweediei,Neolissochilus
Neolissochilus vittatus,Neolissochilus
Nipponocypris koreanus,Nipponocypris
Nipponocypris sieboldii,Nipponocypris
Nipponocypris temminckii,Nipponocypris
Nocomis asper,Nocomis
Nocomis biguttatus,Nocomis
Nocomis effusus,Nocomis
Nocomis leptocephalus,Nocomis
Nocomis micropogon,Nocomis
Nocomis platyrhynchus,Nocomis
Nocomis raneyi,Nocomis
Notemigonus crysoleucas,Notemigonus
Notropis aguirrepequenoi,Notropis
Notropis albizonatus,Notropis
Notropis alborus,Notropis
Notropis altipinnis,Notropis
Notropis amabilis,Notropis
Notropis amecae,Notropis
Notropis ammophilus,Notropis
Notropis amoenus,Notropis
Notropis anogenus,Notropis
Notropis ariommus,Notropis
Notropis asperifrons,Notropis
Notropis atherinoides,Notropis
Notropis atrocaudalis,Notropis
Notropis aulidion,Notropis
Notropis baileyi,Notropis
Notropis bairdi,Notropis
Notropis bifrenatus,Notropis
Notropis blennius,Notropis
Notropis boops,Notropis
Notropis boucardi,Notropis
Notropis braytoni,Notropis
Notropis buccatus,Notropis
Notropis buccula,Notropis
Notropis buchanani,Notropis
Notropis cahabae,Notropis
Notropis calabazas,Notropis
Notropis calientis,Notropis
Notropis candidus,Notropis
Notropis chalybaeus,Notropis
Notropis chihuahua,Notropis
Notropis chiliticus,Notropis
Notropis chlorocephalus,Notropis
Notropis chrosomus,Notropis
Notropis cumingii,Notropis
Notropis cummingsae,Notropis
Notropis dorsalis,Notropis
Notropis edwardraneyi,Notropis
Notropis girardi,Notropis
Notropis grandis,Notropis
Notropis greenei,Notropis
Notropis harperi,Notropis
Notropis heterodon,Notropis
Notropis heterolepis,Notropis
Notropis hudsonius,Notropis
Notropis hypsilepis,Notropis
Notropis imeldae,Notropis
Notropis jemezanus,Notropis
Notropis leuciodus,Notropis
Notropis longirostris,Notropis
Notropis lutipinnis,Notropis
Notropis maculatus,Notropis
Notropis marhabatiensis,Notropis
Notropis mekistocholas,Notropis
Notropis melanostomus,Notropis
Notropis micropteryx,Notropis
Notropis moralesi,Notropis
Notropis nazas,Notropis
Notropis nubilus,Notropis
Notropis orca,Notropis
Notropis ortenburgeri,Notropis
Notropis oxyrhynchus,Notropis
Notropis ozarcanus,Notropis
Notropis percobromus,Notropis
Notropis perpallidus,Notropis
Notropis petersoni,Notropis
Notropis photogenis,Notropis
Notropis potteri,Notropis
Notropis procne,Notropis
Notropis rafinesquei,Notropis
Notropis rubellus,Notropis
Notropis rubricroceus,Notropis
Notropis rupestris,Notropis
Notropis sabinae,Notropis
Notropis saladonis,Notropis
Notropis scabriceps,Notropis
Notropis scepticus,Notropis
Notropis semperasper,Notropis
Notropis shumardi,Notropis
Notropis simus,Notropis
Notropis spectrunculus,Notropis
Notropis stilbius,Notropis
Notropis stramineus,Notropis
Notropis suttkusi,Notropis
Notropis telescopus,Notropis
Notropis texanus,Notropis
Notropis topeka,Notropis
Notropis tropicus,Notropis
Notropis uranoscopus,Notropis
Notropis volucellus,Notropis
Notropis wickliffi,Notropis
Notropis xaenocephalus,Notropis
Ochetobius elongatus,Ochetobius
Oliotius oligolepis,Oliotius
Onychostoma alticorpus,Onychostoma
Onychostoma angustistomata,Onychostoma
Onychostoma barbatulum,Onychostoma
Onychostoma barbatum,Onychostoma
Onychostoma breve,Onychostoma
Onychostoma daduense,Onychostoma
Onychostoma dongnaiensis,Onychostoma
Onychostoma elongatum,Onychostoma
Onychostoma fangi,Onychostoma
Onychostoma fusiforme,Onychostoma
Onychostoma gerlachi,Onychostoma
Onychostoma krongnoensis,Onychostoma
Onychostoma laticeps,Onychostoma
Onychostoma leptura,Onychostoma
Onychostoma lini,Onychostoma
Onychostoma macrolepis,Onychostoma
Onychostoma meridionale,Onychostoma
Onychostoma minnanensis,Onychostoma
Onychostoma ovale,Onychostoma
Onychostoma rarum,Onychostoma
Onychostoma simum,Onychostoma
Onychostoma uniforme,Onychostoma
Onychostoma virgulatum,Onychostoma
Opsaridium boweni,Opsaridium
Opsaridium engrauloides,Opsaridium
Opsaridium leleupi,Opsaridium
Opsaridium loveridgii,Opsaridium
Opsaridium maculicauda,Opsaridium
Opsaridium microcephalum,Opsaridium
Opsaridium microlepis,Opsaridium
Opsaridium peringueyi,Opsaridium
Opsaridium splendens,Opsaridium
Opsaridium tweddleorum,Opsaridium
Opsaridium ubangiense,Opsaridium
Opsaridium zambezense,Opsaridium
Opsariichthys bea,Opsariichthys
Opsariichthys bidens,Opsariichthys
Opsariichthys dienbienensis,Opsariichthys
Opsariichthys duchuunguyeni,Opsariichthys
Opsariichthys evolans,Opsariichthys
Opsariichthys hainanensis,Opsariichthys
Opsariichthys hieni,Opsariichthys
Opsariichthys kaopingensis,Opsariichthys
Opsariichthys minutus,Opsariichthys
Opsariichthys pachycephalus,Opsariichthys
Opsariichthys songmaensis,Opsariichthys
Opsariichthys uncirostris,Opsariichthys
Opsarius barna,Opsarius
Opsarius barnoides,Opsarius
Opsarius bernatziki,Opsarius
Opsarius cocsa,Opsarius
Opsarius koratensis,Opsarius
Opsarius maculatus,Opsarius
Opsarius pulchellus,Opsarius
Opsarius tileo,Opsarius
Opsopoeodus emiliae,Opsopoeodus
Oregonichthys crameri,Oregonichthys
Oregonichthys kalawatseti,Oregonichthys
Oreichthys andrewi,Oreichthys
Oreichthys coorgensis,Oreichthys
Oreichthys cosuatis,Oreichthys
Oreichthys crenuchoides,Oreichthys
Oreichthys duospilus,Oreichthys
Oreichthys incognito,Oreichthys
Oreichthys parvus,Oreichthys
Oreoleuciscus angusticephalus,Oreoleuciscus
Oreoleuciscus dsapchynensis,Oreoleuciscus
Oreoleuciscus humilis,Oreoleuciscus
Oreoleuciscus potanini,Oreoleuciscus
Orthodon microlepidotus,Orthodon
Osteobrama alfredianus,Osteobrama
Osteobrama bakeri,Osteobrama
Osteobrama belangeri,Osteobrama
Osteobrama bhimensis,Osteobrama
Osteobrama cotio,Osteobrama
Osteobrama cunma,Osteobrama
Osteobrama feae,Osteobrama
Osteobrama neilli,Osteobrama
Osteobrama peninsularis,Osteobrama
Osteobrama vigorsii,Osteobrama
Osteochilichthys brevidorsalis,Osteochilichthys
Osteochilichthys thomassi,Osteochilichthys
Osteochilus bellus,Osteochilus
Osteochilus bleekeri,Osteochilus
Osteochilus borneensis,Osteochilus
Osteochilus brachynotopteroides,Osteochilus
Osteochilus chini,Osteochilus
Osteochilus enneaporos,Osteochilus
Osteochilus flavicauda,Osteochilus
Osteochilus harrisoni,Osteochilus
Osteochilus ingeri,Osteochilus
Osteochilus intermedius,Osteochilus
Osteochilus jeruk,Osteochilus
Osteochilus kahajanensis,Osteochilus
Osteochilus kappenii,Osteochilus
Osteochilus kelabau,Osteochilus
Osteochilus kerinciensis,Osteochilus
Osteochilus kuekenthali,Osteochilus
Osteochilus lini,Osteochilus
Osteochilus longidorsalis,Osteochilus
Osteochilus melanopleurus,Osteochilus
Osteochilus microcephalus,Osteochilus
Osteochilus nashii,Osteochilus
Osteochilus partilineatus,Osteochilus
Osteochilus pentalineatus,Osteochilus
Osteochilus repang,Osteochilus
Osteochilus salsburyi,Osteochilus
Osteochilus sarawakensis,Osteochilus
Osteochilus scapularis,Osteochilus
Osteochilus schlegelii,Osteochilus
Osteochilus serokan,Osteochilus
Osteochilus sondhii,Osteochilus
Osteochilus spilurus,Osteochilus
Osteochilus striatus,Osteochilus
Osteochilus vittatoides,Osteochilus
Osteochilus vittatus,Osteochilus
Osteochilus waandersii,Osteochilus
Oxygaster anomalura,Oxygaster
Oxygaster pointoni,Oxygaster
Oxygymnocypris stewartii,Oxygymnocypris
Pachychilon macedonicum,Pachychilon
Pachychilon pictum,Pachychilon
Paedocypris carbunculus,Paedocypris
Paedocypris micromegethes,Paedocypris
Paedocypris progenetica,Paedocypris
Parabramis pekinensis,Parabramis
Paracanthobrama guichenoti,Paracanthobrama
Parachela cyanea,Parachela
Parachela hypophthalmus,Parachela
Parachela ingerkongi,Parachela
Parachela maculicauda,Parachela
Parachela oxygastroides,Parachela
Parachela siamensis,Parachela
Parachela williaminae,Parachela
Parachondrostoma arrigonis,Parachondrostoma
Parachondrostoma miegii,Parachondrostoma
Parachondrostoma toxostoma,Parachondrostoma
Parachondrostoma turiensis,Parachondrostoma
Paracrossochilus acerus,Paracrossochilus
Paracrossochilus vittatus,Paracrossochilus
Paralaubuca barroni,Paralaubuca
Paralaubuca harmandi,Paralaubuca
Paralaubuca riveroi,Paralaubuca
Paralaubuca stigmabrachium,Paralaubuca
Paralaubuca typus,Paralaubuca
Paraleucogobio notacanthus,Paraleucogobio
Parapsilorhynchus discophorus,Parapsilorhynchus
Parapsilorhynchus elongatus,Parapsilorhynchus
Parapsilorhynchus prateri,Parapsilorhynchus
Parapsilorhynchus tentaculatus,Parapsilorhynchus
Paraqianlabeo lineatus,Paraqianlabeo
Pararhinichthys bowersi,Pararhinichthys
Parasikukia maculata,Parasikukia
Parasinilabeo assimilis,Parasinilabeo
Parasinilabeo longibarbus,Parasinilabeo
Parasinilabeo longicorpus,Parasinilabeo
Parasinilabeo longiventralis,Parasinilabeo
Parasinilabeo maculatus,Parasinilabeo
Parasinilabeo microps,Parasinilabeo
Paraspinibarbus macracanthus,Paraspinibarbus
Parasqualidus maii,Parasqualidus
Parator zonatus,Parator
Parazacco fasciatus,Parazacco
Parazacco spilurus,Parazacco
Pectenocypris balaena,Pectenocypris
Pectenocypris korthausae,Pectenocypris
Pectenocypris micromysticetus,Pectenocypris
Pelasgus epiroticus,Pelasgus
Pelasgus laconicus,Pelasgus
Pelasgus marathonicus,Pelasgus
Pelasgus minutus,Pelasgus
Pelasgus prespensis,Pelasgus
Pelasgus stymphalicus,Pelasgus
Pelasgus thesproticus,Pelasgus
Pelecus cultratus,Pelecus
Percocypris pingi,Percocypris
Percocypris regani,Percocypris
Percocypris tchangi,Percocypris
Pethia atra,Pethia
Pethia aurea,Pethia
Pethia bandula,Pethia
Pethia canius,Pethia
Pethia conchonius,Pethia
Pethia cumingii,Pethia
Pethia didi,Pethia
Pethia erythromycter,Pethia
Pethia expletiforis,Pethia
Pethia gelius,Pethia
Pethia guganio,Pethia
Pethia khugae,Pethia
Pethia longicauda,Pethia
Pethia lutea,Pethia
Pethia macrogramma,Pethia
Pethia manipurensis,Pethia
Pethia meingangbii,Pethia
Pethia melanomaculata,Pethia
Pethia muvattupuzhaensis,Pethia
Pethia nankyweensis,Pethia
Pethia narayani,Pethia
Pethia nigripinna,Pethia
Pethia nigrofasciata,Pethia
Pethia ornatus,Pethia
Pethia padamya,Pethia
Pethia phutunio,Pethia
Pethia pookodensis,Pethia
Pethia punctata,Pethia
Pethia reval,Pethia
Pethia rutila,Pethia
Pethia sanjaymoluri,Pethia
Pethia setnai,Pethia
Pethia shalynius,Pethia
Pethia sharmai,Pethia
Pethia stoliczkana,Pethia
Pethia striata,Pethia
Pethia thelys,Pethia
Pethia tiantian,Pethia
Pethia ticto,Pethia
Pethia yuensis,Pethia
Petroleuciscus borysthenicus,Petroleuciscus
Petroleuciscus esfahani,Petroleuciscus
Petroleuciscus kurui,Petroleuciscus
Petroleuciscus smyrnaeus,Petroleuciscus
Phenacobius catostomus,Phenacobius
Phenacobius crassilabrum,Phenacobius
Phenacobius mirabilis,Phenacobius
Phenacobius teretulus,Phenacobius
Phenacobius uranops,Phenacobius
Phoxinellus alepidotus,Phoxinellus
Phoxinellus dalmaticus,Phoxinellus
Phoxinellus pseudalepidotus,Phoxinellus
Phoxinus apollonicus,Phoxinus
Phoxinus bigerri,Phoxinus
Phoxinus brachyurus,Phoxinus
Phoxinus colchicus,Phoxinus
Phoxinus grumi,Phoxinus
Phoxinus issykkulensis,Phoxinus
Phoxinus jouyi,Phoxinus
Phoxinus karsticus,Phoxinus
Phoxinus ketmaieri,Phoxinus
Phoxinus keumkang,Phoxinus
Phoxinus kumgangensis,Phoxinus
Phoxinus likai,Phoxinus
Phoxinus oxyrhynchus,Phoxinus
Phoxinus phoxinus,Phoxinus
Phoxinus semotilus,Phoxinus
Phoxinus septimaniae,Phoxinus
Phoxinus steindachneri,Phoxinus
Phoxinus strandjae,Phoxinus
Phoxinus strymonicus,Phoxinus
Phoxinus tchangi,Phoxinus
Phoxinus ujmonensis,Phoxinus
Phreatichthys andruzzii,Phreatichthys
Pimephales notatus,Pimephales
Pimephales promelas,Pimephales
Pimephales tenellus,Pimephales
Pimephales vigilax,Pimephales
Placocheilus caudofasciatus,Placocheilus
Placocheilus cryptonemus,Placocheilus
Placocheilus dulongensis,Placocheilus
Placocheilus robustus,Placocheilus
Placogobio bacmeensis,Placogobio
Placogobio nahangensis,Placogobio
Plagiognathops microlepis,Plagiognathops
Plagopterus argentissimus,Plagopterus
Platygobio gracilis,Platygobio
Platypharodon extremus,Platypharodon
Platysmacheilus exiguus,Platysmacheilus
Platysmacheilus longibarbatus,Platysmacheilus
Platysmacheilus nudiventris,Platysmacheilus
Platysmacheilus zhenjiangensis,Platysmacheilus
Pogobrama barbatula,Pogobrama
Pogonichthys ciscoides,Pogonichthys
Pogonichthys macrolepidotus,Pogonichthys
Poropuntius alloiopleurus,Poropuntius
Poropuntius angustus,Poropuntius
Poropuntius bantamensis,Poropuntius
Poropuntius birtwistlei,Poropuntius
Poropuntius bolovenensis,Poropuntius
Poropuntius brevispinus,Poropuntius
Poropuntius burtoni,Poropuntius
Poropuntius carinatus,Poropuntius
Poropuntius chondrorhynchus,Poropuntius
Poropuntius chonglingchungi,Poropuntius
Poropuntius cogginii,Poropuntius
Poropuntius consternans,Poropuntius
Poropuntius daliensis,Poropuntius
Poropuntius deauratus,Poropuntius
Poropuntius exiguus,Poropuntius
Poropuntius faucis,Poropuntius
Poropuntius fuxianhuensis,Poropuntius
Poropuntius genyognathus,Poropuntius
Poropuntius hampaloides,Poropuntius
Poropuntius hathe,Poropuntius
Poropuntius heterolepidotus,Poropuntius
Poropuntius huangchuchieni,Poropuntius
Poropuntius huguenini,Poropuntius
Poropuntius kontumensis,Poropuntius
Poropuntius krempfi,Poropuntius
Poropuntius laoensis,Poropuntius
Poropuntius lobocheiloides,Poropuntius
Poropuntius margarianus,Poropuntius
Poropuntius melanogrammus,Poropuntius
Poropuntius normani,Poropuntius
Poropuntius opisthopterus,Poropuntius
Poropuntius rhomboides,Poropuntius
Poropuntius scapanognathus,Poropuntius
Poropuntius schanicus,Poropuntius
Poropuntius shanensis,Poropuntius
Poropuntius smedleyi,Poropuntius
Poropuntius solitus,Poropuntius
Poropuntius speleops,Poropuntius
Poropuntius susanae,Poropuntius
Poropuntius tawarensis,Poropuntius
Probarbus jullieni,Probarbus
Probarbus labeamajor,Probarbus
Probarbus labeaminor,Probarbus
Procypris mera,Procypris
Procypris rabaudi,Procypris
Prolabeo batesi,Prolabeo
Prolabeops melanhypopterus,Prolabeops
Prolabeops nyongensis,Prolabeops
Protochondrostoma genei,Protochondrostoma
Protolabeo protolabeo,Protolabeo
Pseudaspius leptocephalus,Pseudaspius
Pseudobarbus afer,Pseudobarbus
Pseudobarbus asper,Pseudobarbus
Pseudobarbus burchelli,Pseudobarbus
Pseudobarbus burgi,Pseudobarbus
Pseudobarbus calidus,Pseudobarbus
Pseudobarbus capensis,Pseudobarbus
Pseudobarbus erubescens,Pseudobarbus
Pseudobarbus hospes,Pseudobarbus
Pseudobarbus phlegethon,Pseudobarbus
Pseudobarbus quathlambae,Pseudobarbus
Pseudobarbus senticeps,Pseudobarbus
Pseudobarbus serra,Pseudobarbus
Pseudobarbus skeltoni,Pseudobarbus
Pseudobarbus swartzi,Pseudobarbus
Pseudobarbus tenuis,Pseudobarbus
Pseudobarbus trevelyani,Pseudobarbus
Pseudobarbus verloreni,Pseudobarbus
Pseudobrama simoni,Pseudobrama
Pseudochondrostoma duriense,Pseudochondrostoma
Pseudochondrostoma polylepis,Pseudochondrostoma
Pseudochondrostoma willkommii,Pseudochondrostoma
Pseudocrossocheilus liuchengensis,Pseudocrossocheilus
Pseudocrossocheilus longibullus,Pseudocrossocheilus
Pseudocrossocheilus nigrovittatus,Pseudocrossocheilus
Pseudocrossocheilus papillolabrus,Pseudocrossocheilus
Pseudocrossocheilus tridentis,Pseudocrossocheilus
Pseudogobio banggiangensis,Pseudogobio
Pseudogobio esocinus,Pseudogobio
Pseudogobio guilinensis,Pseudogobio
Pseudogobio vaillanti,Pseudogobio
Pseudogyrinocheilus longisulcus,Pseudogyrinocheilus
Pseudogyrinocheilus prochilus,Pseudogyrinocheilus
Pseudohemiculter dispar,Pseudohemiculter
Pseudohemiculter hainanensis,Pseudohemiculter
Pseudohemiculter kweichowensis,Pseudohemiculter
Pseudohemiculter pacboensis,Pseudohemiculter
Pseudolaubuca engraulis,Pseudolaubuca
Pseudolaubuca hotaya,Pseudolaubuca
Pseudolaubuca jouyi,Pseudolaubuca
Pseudolaubuca sinensis,Pseudolaubuca
Pseudophoxinus alii,Pseudophoxinus
Pseudophoxinus anatolicus,Pseudophoxinus
Pseudophoxinus antalyae,Pseudophoxinus
Pseudophoxinus atropatenus,Pseudophoxinus
Pseudophoxinus battalgilae,Pseudophoxinus
Pseudophoxinus burduricus,Pseudophoxinus
Pseudophoxinus callensis,Pseudophoxinus
Pseudophoxinus caralis,Pseudophoxinus
Pseudophoxinus crassus,Pseudophoxinus
Pseudophoxinus drusensis,Pseudophoxinus
Pseudophoxinus egridiri,Pseudophoxinus
Pseudophoxinus elizavetae,Pseudophoxinus
Pseudophoxinus evliyae,Pseudophoxinus
Pseudophoxinus fahrettini,Pseudophoxinus
Pseudophoxinus firati,Pseudophoxinus
Pseudophoxinus handlirschi,Pseudophoxinus
Pseudophoxinus hasani,Pseudophoxinus
Pseudophoxinus hittitorum,Pseudophoxinus
Pseudophoxinus kervillei,Pseudophoxinus
Pseudophoxinus libani,Pseudophoxinus
Pseudophoxinus maeandri,Pseudophoxinus
Pseudophoxinus maeandricus,Pseudophoxinus
Pseudophoxinus mehmeti,Pseudophoxinus
Pseudophoxinus ninae,Pseudophoxinus
Pseudophoxinus punicus,Pseudophoxinus
Pseudophoxinus sojuchbulagi,Pseudophoxinus
Pseudophoxinus syriacus,Pseudophoxinus
Pseudophoxinus turani,Pseudophoxinus
Pseudophoxinus zekayi,Pseudophoxinus
Pseudophoxinus zeregi,Pseudophoxinus
Pseudopungtungia nigra,Pseudopungtungia
Pseudopungtungia tenuicorpus,Pseudopungtungia
Pseudorasbora elongata,Pseudorasbora
Pseudorasbora interrupta,Pseudorasbora
Pseudorasbora parva,Pseudorasbora
Pseudorasbora pugnax,Pseudorasbora
Pseudorasbora pumila,Pseudorasbora
Pteronotropis euryzonus,Pteronotropis
Pteronotropis grandipinnis,Pteronotropis
Pteronotropis hubbsi,Pteronotropis
Pteronotropis hypselopterus,Pteronotropis
Pteronotropis merlini,Pteronotropis
Pteronotropis metallicus,Pteronotropis
Pteronotropis signipinnis,Pteronotropis
Pteronotropis stonei,Pteronotropis
Pteronotropis welaka,Pteronotropis
Ptychidio jordani,Ptychidio
Ptychidio longibarbus,Ptychidio
Ptychidio macrops,Ptychidio
Ptychobarbus chungtienensis,Ptychobarbus
Ptychobarbus conirostris,Ptychobarbus
Ptychobarbus dipogon,Ptychobarbus
Ptychobarbus kaznakovi,Ptychobarbus
Ptychocheilus grandis,Ptychocheilus
Ptychocheilus lucius,Ptychocheilus
Ptychocheilus oregonensis,Ptychocheilus
Ptychocheilus umpquae,Ptychocheilus
Pungtungia herzi,Pungtungia
Pungtungia hilgendorfi,Pungtungia
Pungtungia shiraii,Pungtungia
Puntigrus anchisporus,Puntigrus
Puntigrus navjotsodhii,Puntigrus
Puntigrus partipentazona,Puntigrus
Puntigrus pulcher,Puntigrus
Puntigrus tetrazona,Puntigrus
Puntioplites bulu,Puntioplites
Puntioplites falcifer,Puntioplites
Puntioplites proctozystron,Puntioplites
Puntioplites waandersi,Puntioplites
Puntius ambassis,Puntius
Puntius amphibius,Puntius
Puntius aphya,Puntius
Puntius arenatus,Puntius
Puntius bimaculatus,Puntius
Puntius bramoides,Puntius
Puntius brevis,Puntius
Puntius burmanicus,Puntius
Puntius cauveriensis,Puntius
Puntius chola,Puntius
Puntius crescentus,Puntius
Puntius deccanensis,Puntius
Puntius dolichopterus,Puntius
Puntius dorsalis,Puntius
Puntius fraseri,Puntius
Puntius kamalika,Puntius
Puntius kelumi,Puntius
Puntius khohi,Puntius
Puntius layardi,Puntius
Puntius madhusoodani,Puntius
Puntius mahecola,Puntius
Puntius masyai,Puntius
Puntius melanostigma,Puntius
Puntius morehensis,Puntius
Puntius mudumalaiensis,Puntius
Puntius muzaffarpurensis,Puntius
Puntius nangalensis,Puntius
Puntius nelsoni,Puntius
Puntius nigronotus,Puntius
Puntius parrah,Puntius
Puntius paucimaculatus,Puntius
Puntius pinnauratus,Puntius
Puntius pugio,Puntius
Puntius punjabensis,Puntius
Puntius puntio,Puntius
Puntius sachsii,Puntius
Puntius sahyadriensis,Puntius
Puntius sealei,Puntius
Puntius sophore,Puntius
Puntius sophoroides,Puntius
Puntius spilopterus,Puntius
Puntius stigma,Puntius
Puntius takhoaensis,Puntius
Puntius terio,Puntius
Puntius tetraspilus,Puntius
Puntius thermalis,Puntius
Puntius titteya,Puntius
Puntius viridis,Puntius
Puntius vittatus,Puntius
Puntius waageni,Puntius
Qianlabeo striatus,Qianlabeo
Racoma ramzani,Racoma
Raiamas ansorgii,Raiamas
Raiamas batesii,Raiamas
Raiamas bola,Raiamas
Raiamas buchholzi,Raiamas
Raiamas christyi,Raiamas
Raiamas guttatus,Raiamas
Raiamas intermedius,Raiamas
Raiamas kheeli,Raiamas
Raiamas levequei,Raiamas
Raiamas longirostris,Raiamas
Raiamas moorii,Raiamas
Raiamas nigeriensis,Raiamas
Raiamas salmolucius,Raiamas
Raiamas scarciensis,Raiamas
Raiamas senegalensis,Raiamas
Raiamas shariensis,Raiamas
Raiamas steindachneri,Raiamas
Rasbora amplistriga,Rasbora
Rasbora api,Rasbora
Rasbora aprotaenia,Rasbora
Rasbora argyrotaenia,Rasbora
Rasbora armitagei,Rasbora
Rasbora arundinata,Rasbora
Rasbora atranus,Rasbora
Rasbora atridorsalis,Rasbora
Rasbora aurotaenia,Rasbora
Rasbora baliensis,Rasbora
Rasbora bankanensis,Rasbora
Rasbora beauforti,Rasbora
Rasbora bindumatoga,Rasbora
Rasbora borapetensis,Rasbora
Rasbora borneensis,Rasbora
Rasbora bunguranensis,Rasbora
Rasbora caudimaculata,Rasbora
Rasbora caverii,Rasbora
Rasbora cephalotaenia,Rasbora
Rasbora chrysotaenia,Rasbora
Rasbora cryptica,Rasbora
Rasbora dandia,Rasbora
Rasbora daniconius,Rasbora
Rasbora dies,Rasbora
Rasbora dorsinotata,Rasbora
Rasbora dusonensis,Rasbora
Rasbora einthovenii,Rasbora
Rasbora elegans,Rasbora
Rasbora ennealepis,Rasbora
Rasbora everetti,Rasbora
Rasbora gerlachi,Rasbora
Rasbora haru,Rasbora
Rasbora hobelmani,Rasbora
Rasbora hosii,Rasbora
Rasbora hubbsi,Rasbora
Rasbora jacobsoni,Rasbora
Rasbora johannae,Rasbora
Rasbora kalbarensis,Rasbora
Rasbora kalochroma,Rasbora
Rasbora kluetensis,Rasbora
Rasbora kobonensis,Rasbora
Rasbora kottelati,Rasbora
Rasbora labiosa,Rasbora
Rasbora lacrimula,Rasbora
Rasbora lateristriata,Rasbora
Rasbora laticlavia,Rasbora
Rasbora leptosoma,Rasbora
Rasbora maninjau,Rasbora
Rasbora meinkeni,Rasbora
Rasbora microcephalus,Rasbora
Rasbora myersi,Rasbora
Rasbora naggsi,Rasbora
Rasbora nematotaenia,Rasbora
Rasbora nodulosa,Rasbora
Rasbora notura,Rasbora
Rasbora ornata,Rasbora
Rasbora patrickyapi,Rasbora
Rasbora paucisqualis,Rasbora
Rasbora paviana,Rasbora
Rasbora philippina,Rasbora
Rasbora rasbora,Rasbora
Rasbora reticulata,Rasbora
Rasbora rheophila,Rasbora
Rasbora rubrodorsalis,Rasbora
Rasbora rutteni,Rasbora
Rasbora sarawakensis,Rasbora
Rasbora semilineata,Rasbora
Rasbora septentrionalis,Rasbora
Rasbora spilotaenia,Rasbora
Rasbora steineri,Rasbora
Rasbora subtilis,Rasbora
Rasbora sumatrana,Rasbora
Rasbora tawarensis,Rasbora
Rasbora taytayensis,Rasbora
Rasbora tobana,Rasbora
Rasbora tornieri,Rasbora
Rasbora trifasciata,Rasbora
Rasbora trilineata,Rasbora
Rasbora truncata,Rasbora
Rasbora tubbi,Rasbora
Rasbora tuberculata,Rasbora
Rasbora vaillantii,Rasbora
Rasbora vietnamensis,Rasbora
Rasbora volzii,Rasbora
Rasbora vulcanus,Rasbora
Rasbora vulgaris,Rasbora
Rasbora wilpita,Rasbora
Rasborichthys helfrichii,Rasborichthys
Rasboroides nigromarginatus,Rasboroides
Rasboroides pallidus,Rasboroides
Rasboroides rohani,Rasboroides
Rasboroides vaterifloris,Rasboroides
Rasbosoma spilocerca,Rasbosoma
Rastrineobola argentea,Rastrineobola
Rectoris longibarbus,Rectoris
Rectoris longifinus,Rectoris
Rectoris luxiensis,Rectoris
Rectoris mutabilis,Rectoris
Rectoris posehensis,Rectoris
Relictus solitarius,Relictus
Rhinichthys atratulus,Rhinichthys
Rhinichthys cataractae,Rhinichthys
Rhinichthys cobitis,Rhinichthys
Rhinichthys deaconi,Rhinichthys
Rhinichthys evermanni,Rhinichthys
Rhinichthys falcatus,Rhinichthys
Rhinichthys obtusus,Rhinichthys
Rhinichthys osculus,Rhinichthys
Rhinichthys umatilla,Rhinichthys
Rhinogobio cylindricus,Rhinogobio
Rhinogobio hunanensis,Rhinogobio
Rhinogobio nasutus,Rhinogobio
Rhinogobio typus,Rhinogobio
Rhinogobio ventralis,Rhinogobio
Rhodeus albomarginatus,Rhodeus
Rhodeus amarus,Rhodeus
Rhodeus amurensis,Rhodeus
Rhodeus atremius,Rhodeus
Rhodeus colchicus,Rhodeus
Rhodeus fangi,Rhodeus
Rhodeus haradai,Rhodeus
Rhodeus laoensis,Rhodeus
Rhodeus lighti,Rhodeus
Rhodeus meridionalis,Rhodeus
Rhodeus monguonensis,Rhodeus
Rhodeus notatus,Rhodeus
Rhodeus ocellatus,Rhodeus
Rhodeus pseudosericeus,Rhodeus
Rhodeus rheinardti,Rhodeus
Rhodeus sciosemus,Rhodeus
Rhodeus sericeus,Rhodeus
Rhodeus shitaiensis,Rhodeus
Rhodeus sinensis,Rhodeus
Rhodeus smithii,Rhodeus
Rhodeus spinalis,Rhodeus
Rhodeus suigensis,Rhodeus
Rhodeus uyekii,Rhodeus
Rhynchocypris czekanowskii,Rhynchocypris
Rhynchocypris dementjevi,Rhynchocypris
Rhynchocypris lagowskii,Rhynchocypris
Rhynchocypris oxycephalus,Rhynchocypris
Rhynchocypris percnurus,Rhynchocypris
Rhynchocypris poljakowii,Rhynchocypris
Richardsonius balteatus,Richardsonius
Richardsonius egregius,Richardsonius
Rohtee ogilbii,Rohtee
Rohteichthys microlepis,Rohteichthys
Romanogobio albipinnatus,Romanogobio
Romanogobio amplexilabris,Romanogobio
Romanogobio antipai,Romanogobio
Romanogobio banaticus,Romanogobio
Romanogobio belingi,Romanogobio
Romanogobio benacensis,Romanogobio
Romanogobio ciscaucasicus,Romanogobio
Romanogobio elimeius,Romanogobio
Romanogobio johntreadwelli,Romanogobio
Romanogobio kesslerii,Romanogobio
Romanogobio macropterus,Romanogobio
Romanogobio parvus,Romanogobio
Romanogobio pentatrichus,Romanogobio
Romanogobio persus,Romanogobio
Romanogobio tanaiticus,Romanogobio
Romanogobio tenuicorpus,Romanogobio
Romanogobio uranoscopus,Romanogobio
Romanogobio vladykovi,Romanogobio
Rutilus caspicus,Rutilus
Rutilus frisii,Rutilus
Rutilus heckelii,Rutilus
Rutilus kutum,Rutilus
Rutilus meidingeri,Rutilus
Rutilus pigus,Rutilus
Rutilus rutilus,Rutilus
Rutilus stoumboudae,Rutilus
Rutilus virgo,Rutilus
Sahyadria chalakkudiensis,Sahyadria
Sahyadria denisonii,Sahyadria
Salmostoma acinaces,Salmostoma
Salmostoma bacaila,Salmostoma
Salmostoma balookee,Salmostoma
Salmostoma belachi,Salmostoma
Salmostoma boopis,Salmostoma
Salmostoma horai,Salmostoma
Salmostoma novacula,Salmostoma
Salmostoma orissaensis,Salmostoma
Salmostoma phulo,Salmostoma
Salmostoma punjabense,Salmostoma
Salmostoma sardinella,Salmostoma
Salmostoma sladoni,Salmostoma
Salmostoma untrahi,Salmostoma
Sanagia velifera,Sanagia
Sarcocheilichthys biwaensis,Sarcocheilichthys
Sarcocheilichthys caobangensis,Sarcocheilichthys
Sarcocheilichthys czerskii,Sarcocheilichthys
Sarcocheilichthys davidi,Sarcocheilichthys
Sarcocheilichthys hainanensis,Sarcocheilichthys
Sarcocheilichthys kiangsiensis,Sarcocheilichthys
Sarcocheilichthys lacustris,Sarcocheilichthys
Sarcocheilichthys nigripinnis,Sarcocheilichthys
Sarcocheilichthys parvus,Sarcocheilichthys
Sarcocheilichthys sinensis,Sarcocheilichthys
Sarcocheilichthys soldatovi,Sarcocheilichthys
Sarcocheilichthys variegatus,Sarcocheilichthys
Sarmarutilus rubilio,Sarmarutilus
Saurogobio dabryi,Saurogobio
Saurogobio dumerili,Saurogobio
Saurogobio gracilicaudatus,Saurogobio
Saurogobio gymnocheilus,Saurogobio
Saurogobio immaculatus,Saurogobio
Saurogobio lissilabris,Saurogobio
Saurogobio xiangjiangensis,Saurogobio
Sawbwa resplendens,Sawbwa
Scaphiodonichthys acanthopterus,Scaphiodonichthys
Scaphiodonichthys burmanicus,Scaphiodonichthys
Scaphiodonichthys macracanthus,Scaphiodonichthys
Scaphognathops bandanensis,Scaphognathops
Scaphognathops stejnegeri,Scaphognathops
Scaphognathops theunensis,Scaphognathops
Scardinius acarnanicus,Scardinius
Scardinius dergle,Scardinius
Scardinius elmaliensis,Scardinius
Scardinius erythrophthalmus,Scardinius
Scardinius graecus,Scardinius
Scardinius hesperidicus,Scardinius
Scardinius knezevici,Scardinius
Scardinius plotizza,Scardinius
Scardinius racovitzai,Scardinius
Scardinius scardafa,Scardinius
Schismatorhynchos endecarhapis,Schismatorhynchos
Schismatorhynchos heterorhynchos,Schismatorhynchos
Schismatorhynchos holorhynchos,Schismatorhynchos
Schismatorhynchos nukta,Schismatorhynchos
Schizocypris altidorsalis,Schizocypris
Schizocypris brucei,Schizocypris
Schizocypris ladigesi,Schizocypris
Schizopyge dainellii,Schizopyge
Schizopyge niger,Schizopyge
Schizopygopsis anteroventris,Schizopygopsis
Schizopygopsis kessleri,Schizopygopsis
Schizopygopsis kialingensis,Schizopygopsis
Schizopygopsis malacanthus,Schizopygopsis
Schizopygopsis pylzovi,Schizopygopsis
Schizopygopsis stoliczkai,Schizopygopsis
Schizopygopsis thermalis,Schizopygopsis
Schizopygopsis younghusbandi,Schizopygopsis
Schizothorax argentatus,Schizothorax
Schizothorax beipanensis,Schizothorax
Schizothorax biddulphi,Schizothorax
Schizothorax chongi,Schizothorax
Schizothorax cryptolepis,Schizothorax
Schizothorax curvifrons,Schizothorax
Schizothorax curvilabiatus,Schizothorax
Schizothorax davidi,Schizothorax
Schizothorax dolichonema,Schizothorax
Schizothorax dulongensis,Schizothorax
Schizothorax edeniana,Schizothorax
Schizothorax elongatus,Schizothorax
Schizothorax esocinus,Schizothorax
Schizothorax eurystomus,Schizothorax
Schizothorax gongshanensis,Schizothorax
Schizothorax grahami,Schizothorax
Schizothorax griseus,Schizothorax
Schizothorax heteri,Schizothorax
Schizothorax heterochilus,Schizothorax
Schizothorax heterophysallidos,Schizothorax
Schizothorax huegelii,Schizothorax
Schizothorax integrilabiatus,Schizothorax
Schizothorax kozlovi,Schizothorax
Schizothorax kumaonensis,Schizothorax
Schizothorax labiatus,Schizothorax
Schizothorax labrosus,Schizothorax
Schizothorax lantsangensis,Schizothorax
Schizothorax lepidothorax,Schizothorax
Schizothorax leukus,Schizothorax
Schizothorax lissolabiatus,Schizothorax
Schizothorax longibarbus,Schizothorax
Schizothorax macrophthalmus,Schizothorax
Schizothorax macropogon,Schizothorax
Schizothorax malacanthus,Schizothorax
Schizothorax meridionalis,Schizothorax
Schizothorax microcephalus,Schizothorax
Schizothorax microstomus,Schizothorax
Schizothorax molesworthi,Schizothorax
Schizothorax myzostomus,Schizothorax
Schizothorax nasus,Schizothorax
Schizothorax nepalensis,Schizothorax
Schizothorax ninglangensis,Schizothorax
Schizothorax nudiventris,Schizothorax
Schizothorax nukiangensis,Schizothorax
Schizothorax oconnori,Schizothorax
Schizothorax oligolepis,Schizothorax
Schizothorax parvus,Schizothorax
Schizothorax pelzami,Schizothorax
Schizothorax plagiostomus,Schizothorax
Schizothorax prenanti,Schizothorax
Schizothorax progastus,Schizothorax
Schizothorax prophylax,Schizothorax
Schizothorax pseudoaksaiensis,Schizothorax
Schizothorax raraensis,Schizothorax
Schizothorax richardsonii,Schizothorax
Schizothorax rotundimaxillaris,Schizothorax
Schizothorax sinensis,Schizothorax
Schizothorax skarduensis,Schizothorax
Schizothorax waltoni,Schizothorax
Schizothorax wangchiachii,Schizothorax
Schizothorax yunnanensis,Schizothorax
Schizothorax zarudnyi,Schizothorax
Securicula gora,Securicula
Semilabeo notabilis,Semilabeo
Semilabeo obscurus,Semilabeo
Semiplotus cirrhosus,Semiplotus
Semiplotus manipurensis,Semiplotus
Semiplotus modestus,Semiplotus
Semotilus atromaculatus,Semotilus
Semotilus corporalis,Semotilus
Semotilus lumbee,Semotilus
Semotilus thoreauianus,Semotilus
Sikukia flavicaudata,Sikukia
Sikukia gudgeri,Sikukia
Sikukia longibarbata,Sikukia
Sikukia stejnegeri,Sikukia
Sinibrama affinis,Sinibrama
Sinibrama longianalis,Sinibrama
Sinibrama macrops,Sinibrama
Sinibrama melrosei,Sinibrama
Sinibrama taeniatus,Sinibrama
Sinibrama wui,Sinibrama
Sinigarra napoense,Sinigarra
Sinilabeo binhluensis,Sinilabeo
Sinilabeo brevirostris,Sinilabeo
Sinilabeo cirrhinoides,Sinilabeo
Sinilabeo hummeli,Sinilabeo
Sinilabeo longibarbatus,Sinilabeo
Sinilabeo longirostris,Sinilabeo
Sinocrossocheilus bamaensis,Sinocrossocheilus
Sinocrossocheilus guizhouensis,Sinocrossocheilus
Sinocrossocheilus labiatus,Sinocrossocheilus
Sinocrossocheilus megalophthalmus,Sinocrossocheilus
Sinocyclocheilus altishoulderus,Sinocyclocheilus
Sinocyclocheilus anatirostris,Sinocyclocheilus
Sinocyclocheilus angularis,Sinocyclocheilus
Sinocyclocheilus angustiporus,Sinocyclocheilus
Sinocyclocheilus anophthalmus,Sinocyclocheilus
Sinocyclocheilus anshuiensis,Sinocyclocheilus
Sinocyclocheilus aquihornes,Sinocyclocheilus
Sinocyclocheilus biangularis,Sinocyclocheilus
Sinocyclocheilus bicornutus,Sinocyclocheilus
Sinocyclocheilus brevibarbatus,Sinocyclocheilus
Sinocyclocheilus brevifinus,Sinocyclocheilus
Sinocyclocheilus brevis,Sinocyclocheilus
Sinocyclocheilus broadihornes,Sinocyclocheilus
Sinocyclocheilus cyphotergous,Sinocyclocheilus
Sinocyclocheilus donglanensis,Sinocyclocheilus
Sinocyclocheilus dongtangensis,Sinocyclocheilus
Sinocyclocheilus flexuosdorsalis,Sinocyclocheilus
Sinocyclocheilus furcodorsalis,Sinocyclocheilus
Sinocyclocheilus gracilicaudatus,Sinocyclocheilus
Sinocyclocheilus gracilis,Sinocyclocheilus
Sinocyclocheilus grahami,Sinocyclocheilus
Sinocyclocheilus guanduensis,Sinocyclocheilus
Sinocyclocheilus guilinensis,Sinocyclocheilus
Sinocyclocheilus guishanensis,Sinocyclocheilus
Sinocyclocheilus hei,Sinocyclocheilus
Sinocyclocheilus huanglongdongensis,Sinocyclocheilus
Sinocyclocheilus huangtianensis,Sinocyclocheilus
Sinocyclocheilus huaningensis,Sinocyclocheilus
Sinocyclocheilus huanjiangensis,Sinocyclocheilus
Sinocyclocheilus hugeibarbus,Sinocyclocheilus
Sinocyclocheilus huizeensis,Sinocyclocheilus
Sinocyclocheilus hyalinus,Sinocyclocheilus
Sinocyclocheilus jii,Sinocyclocheilus
Sinocyclocheilus jinxiensis,Sinocyclocheilus
Sinocyclocheilus jiuxuensis,Sinocyclocheilus
Sinocyclocheilus lateristriatus,Sinocyclocheilus
Sinocyclocheilus liboensis,Sinocyclocheilus
Sinocyclocheilus lingyunensis,Sinocyclocheilus
Sinocyclocheilus longibarbatus,Sinocyclocheilus
Sinocyclocheilus longifinus,Sinocyclocheilus
Sinocyclocheilus luolouensis,Sinocyclocheilus
Sinocyclocheilus luopingensis,Sinocyclocheilus
Sinocyclocheilus macrocephalus,Sinocyclocheilus
Sinocyclocheilus macrolepis,Sinocyclocheilus
Sinocyclocheilus macrophthalmus,Sinocyclocheilus
Sinocyclocheilus macroscalus,Sinocyclocheilus
Sinocyclocheilus maculatus,Sinocyclocheilus
Sinocyclocheilus maitianheensis,Sinocyclocheilus
Sinocyclocheilus malacopterus,Sinocyclocheilus
Sinocyclocheilus mashanensis,Sinocyclocheilus
Sinocyclocheilus microphthalmus,Sinocyclocheilus
Sinocyclocheilus multipunctatus,Sinocyclocheilus
Sinocyclocheilus oxycephalus,Sinocyclocheilus
Sinocyclocheilus purpureus,Sinocyclocheilus
Sinocyclocheilus qiubeiensis,Sinocyclocheilus
Sinocyclocheilus qujingensis,Sinocyclocheilus
Sinocyclocheilus rhinocerous,Sinocyclocheilus
Sinocyclocheilus robustus,Sinocyclocheilus
Sinocyclocheilus tianlinensis,Sinocyclocheilus
Sinocyclocheilus tileihornes,Sinocyclocheilus
Sinocyclocheilus tingi,Sinocyclocheilus
Sinocyclocheilus wui,Sinocyclocheilus
Sinocyclocheilus wumengshanensis,Sinocyclocheilus
Sinocyclocheilus xichouensis,Sinocyclocheilus
Sinocyclocheilus xunlensis,Sinocyclocheilus
Sinocyclocheilus yangzongensis,Sinocyclocheilus
Sinocyclocheilus yaolanensis,Sinocyclocheilus
Sinocyclocheilus yimenensis,Sinocyclocheilus
Sinocyclocheilus yishanensis,Sinocyclocheilus
Siphateles alvordensis,Siphateles
Siphateles bicolor,Siphateles
Siphateles boraxobius,Siphateles
Speolabeo musaei,Speolabeo
Spinibarbus babeensis,Spinibarbus
Spinibarbus brevicephalus,Spinibarbus
Spinibarbus caldwelli,Spinibarbus
Spinibarbus denticulatus,Spinibarbus
Spinibarbus hollandi,Spinibarbus
Spinibarbus maensis,Spinibarbus
Spinibarbus nammauensis,Spinibarbus
Spinibarbus ovalius,Spinibarbus
Spinibarbus sinensis,Spinibarbus
Spinibarbus vittatus,Spinibarbus
Squalidus argentatus,Squalidus
Squalidus atromaculatus,Squalidus
Squalidus banarescui,Squalidus
Squalidus chankaensis,Squalidus
Squalidus gracilis,Squalidus
Squalidus homozonus,Squalidus
Squalidus iijimae,Squalidus
Squalidus intermedius,Squalidus
Squalidus japonicus,Squalidus
Squalidus mantschuricus,Squalidus
Squalidus minor,Squalidus
Squalidus multimaculatus,Squalidus
Squalidus nitens,Squalidus
Squalidus wolterstorffi,Squalidus
Squaliobarbus curriculus,Squaliobarbus
Squalius adanaensis,Squalius
Squalius agdamicus,Squalius
Squalius alburnoides,Squalius
Squalius albus,Squalius
Squalius anatolicus,Squalius
Squalius aphipsi,Squalius
Squalius aradensis,Squalius
Squalius aristotelis,Squalius
Squalius berak,Squalius
Squalius cappadocicus,Squalius
Squalius carinus,Squalius
Squalius carolitertii,Squalius
Squalius castellanus,Squalius
Squalius cephaloides,Squalius
Squalius cephalus,Squalius
Squalius cii,Squalius
Squalius fellowesii,Squalius
Squalius ghigii,Squalius
Squalius illyricus,Squalius
Squalius janae,Squalius
Squalius keadicus,Squalius
Squalius kosswigi,Squalius
Squalius kottelati,Squalius
Squalius laietanus,Squalius
Squalius lepidus,Squalius
Squalius lucumonis,Squalius
Squalius malacitanus,Squalius
Squalius microlepis,Squalius
Squalius moreoticus,Squalius
Squalius orientalis,Squalius
Squalius orpheus,Squalius
Squalius pamvoticus,Squalius
Squalius peloponensis,Squalius
Squalius platyceps,Squalius
Squalius prespensis,Squalius
Squalius pursakensis,Squalius
Squalius pyrenaicus,Squalius
Squalius recurvirostris,Squalius
Squalius seyhanensis,Squalius
Squalius spurius,Squalius
Squalius squaliusculus,Squalius
Squalius squalus,Squalius
Squalius svallize,Squalius
Squalius tenellus,Squalius
Squalius torgalensis,Squalius
Squalius turcicus,Squalius
Squalius ulanus,Squalius
Squalius valentinus,Squalius
Squalius vardarensis,Squalius
Squalius zrmanjae,Squalius
Stenorynchoacrum xijiangensis,Stenorynchoacrum
Striuntius lineatus,Striuntius
Stypodon signifer,Stypodon
Sundadanio atomus,Sundadanio
Sundadanio axelrodi,Sundadanio
Sundadanio echinus,Sundadanio
Sundadanio gargula,Sundadanio
Sundadanio goblinus,Sundadanio
Sundadanio margarition,Sundadanio
Sundadanio retiarius,Sundadanio
Sundadanio rubellus,Sundadanio
Systomus asoka,Systomus
Systomus chryseus,Systomus
Systomus chrysopoma,Systomus
Systomus clavatus,Systomus
Systomus compressiformis,Systomus
Systomus endecanalis,Systomus
Systomus immaculatus,Systomus
Systomus jacobusboehlkei,Systomus
Systomus jayarami,Systomus
Systomus laticeps,Systomus
Systomus martenstyni,Systomus
Systomus orphoides,Systomus
Systomus pleurotaenia,Systomus
Systomus rubripinnis,Systomus
Systomus rufus,Systomus
Systomus sarana,Systomus
Systomus spilurus,Systomus
Systomus subnasutus,Systomus
Systomus timbiri,Systomus
Tampichthys catostomops,Tampichthys
Tampichthys dichromus,Tampichthys
Tampichthys erimyzonops,Tampichthys
Tampichthys ipni,Tampichthys
Tampichthys mandibularis,Tampichthys
Tampichthys rasconis,Tampichthys
Tanakia himantegus,Tanakia
Tanakia koreensis,Tanakia
Tanakia lanceolata,Tanakia
Tanakia latimarginata,Tanakia
Tanakia limbata,Tanakia
Tanakia shimazui,Tanakia
Tanakia signifer,Tanakia
Tanakia somjinensis,Tanakia
Tanakia tanago,Tanakia
Tanichthys albonubes,Tanichthys
Tanichthys micagemmae,Tanichthys
Tanichthys thacbaensis,Tanichthys
Telestes beoticus,Telestes
Telestes croaticus,Telestes
Telestes dabar,Telestes
Telestes fontinalis,Telestes
Telestes karsticus,Telestes
Telestes metohiensis,Telestes
Telestes miloradi,Telestes
Telestes montenigrinus,Telestes
Telestes muticellus,Telestes
Telestes pleurobipunctatus,Telestes
Telestes polylepis,Telestes
Telestes souffia,Telestes
Telestes turskyi,Telestes
Telestes ukliva,Telestes
Thryssocypris ornithostoma,Thryssocypris
Thryssocypris smaragdinus,Thryssocypris
Thryssocypris tonlesapensis,Thryssocypris
Thryssocypris wongrati,Thryssocypris
Thynnichthys polylepis,Thynnichthys
Thynnichthys sandkhol,Thynnichthys
Thynnichthys thynnoides,Thynnichthys
Thynnichthys vaillanti,Thynnichthys
Tinca tinca,Tinca
Tor ater,Tor
Tor barakae,Tor
Tor chelynoides,Tor
Tor dongnaiensis,Tor
Tor douronensis,Tor
Tor hemispinus,Tor
Tor khudree,Tor
Tor kulkarnii,Tor
Tor laterivittatus,Tor
Tor macrolepis,Tor
Tor malabaricus,Tor
Tor mekongensis,Tor
Tor polylepis,Tor
Tor putitora,Tor
Tor qiaojiensis,Tor
Tor remadevii,Tor
Tor sinensis,Tor
Tor soro,Tor
Tor tambra,Tor
Tor tambroides,Tor
Tor tor,Tor
Tor yingjiangensis,Tor
Tor yunnanensis,Tor
Toxabramis argentifer,Toxabramis
Toxabramis hoffmanni,Toxabramis
Toxabramis hotayensis,Toxabramis
Toxabramis houdemeri,Toxabramis
Toxabramis maensis,Toxabramis
Toxabramis nhatleensis,Toxabramis
Toxabramis swinhonis,Toxabramis
Tribolodon brandtii,Tribolodon
Tribolodon hakonensis,Tribolodon
Tribolodon nakamurai,Tribolodon
Tribolodon sachalinensis,Tribolodon
Trigonopoma gracile,Trigonopoma
Trigonopoma pauciperforatum,Trigonopoma
Trigonostigma espei,Trigonostigma
Trigonostigma hengeli,Trigonostigma
Trigonostigma heteromorpha,Trigonostigma
Trigonostigma somphongsi,Trigonostigma
Troglocyclocheilus khammouanensis,Troglocyclocheilus
Tropidophoxinellus hellenicus,Tropidophoxinellus
Tropidophoxinellus spartiaticus,Tropidophoxinellus
Typhlobarbus nudiventris,Typhlobarbus
Vimba elongata,Vimba
Vimba melanops,Vimba
Vimba mirabilis,Vimba
Vimba vimba,Vimba
Xenobarbus loveridgei,Xenobarbus
Xenocyprioides carinatus,Xenocyprioides
Xenocyprioides parvulus,Xenocyprioides
Xenocypris davidi,Xenocypris
Xenocypris fangi,Xenocypris
Xenocypris hupeinensis,Xenocypris
Xenocypris macrolepis,Xenocypris
Xenocypris medius,Xenocypris
Xenocypris yunnanensis,Xenocypris
Xenophysogobio boulengeri,Xenophysogobio
Xenophysogobio nudicorpa,Xenophysogobio
Yuriria alta,Yuriria
Yuriria amatlana,Yuriria
Yuriria chapalae,Yuriria
Zacco acutipinnis,Zacco
Zacco chengtui,Zacco
Zacco platypus,Zacco
Zacco taliensis,Zacco